Application Access,First name,Last name,Country,Username,Mail,BU,Cost
DC,Elvie,Vaughn,CN,elvie.vaughn,elvie.vaughn@email1.com,INFRA,100.00 €
DC,Francis,Hess,CN,francis.hess,francis.hess@email1.com,INFRA,100.00 €
DC,Azalee,Perkins,CN,azalee.perkins,azalee.perkins@email1.com,INFRA,100.00 €
DC,Michiko,Cash,CN,michiko.cash,michiko.cash@email1.com,FIN,100.00 €
DC,Kayleen,Moody,CN,kayleen.moody,kayleen.moody@email1.com,FIN,100.00 €
DC,Luciano,Pratt,CN,luciano.pratt,luciano.pratt@email1.com,FIN,100.00 €
DC,Luigi,Atkins,CN,luigi.atkins,luigi.atkins@email1.com,FIN,100.00 €
DC,Bobby,Dean,CN,bobby.dean,bobby.dean@email1.com,FIN,100.00 €
DC,Erlene,Rivers,CN,erlene.rivers,erlene.rivers@email1.com,FIN,100.00 €
DC,Mel,Bernard,CN,mel.bernard,mel.bernard@email1.com,FIN,100.00 €
DC,Pasty,Pittman,CN,pasty.pittman,pasty.pittman@email1.com,FIN,100.00 €
DC,Kiesha,Goodman,CN,kiesha.goodman,kiesha.goodman@email1.com,FIN,100.00 €
DC,Agustin,Barker,CN,agustin.barker,agustin.barker@email1.com,FIN,100.00 €
DC,Rodney,Prince,CN,rodney.prince,rodney.prince@email1.com,FIN,100.00 €
DC,Catherina,Hurst,CN,catherina.hurst,catherina.hurst@email1.com,FIN,100.00 €
DC,Marc,Reynolds,CN,marc.reynolds,marc.reynolds@email1.com,FIN,100.00 €
DC,Russel,King,CN,russel.king,russel.king@email1.com,FIN,100.00 €
DC,Soo,Head,CN,soo.head,soo.head@email1.com,FIN,100.00 €
DC,Cody,Weber,CN,cody.weber,cody.weber@email1.com,FIN,100.00 €
DC,Thu,Rowe,CN,thu.rowe,thu.rowe@email1.com,FIN,100.00 €
DC,Hee,Harrington,CN,hee.harrington,hee.harrington@email1.com,FIN,100.00 €
DC,Hyon,Holloway,CN,hyon.holloway,hyon.holloway@email1.com,FIN,100.00 €
DC,Tyson,Richardson,CN,tyson.richardson,tyson.richardson@email1.com,FIN,100.00 €
DC,Shavonne,Mays,CN,shavonne.mays,shavonne.mays@email1.com,FIN,100.00 €
DC,Clemmie,Armstrong,CN,clemmie.armstrong,clemmie.armstrong@email1.com,FIN,100.00 €
DC,Byron,Wilkins,CN,byron.wilkins,byron.wilkins@email1.com,FIN,100.00 €
DC,Angelo,Haley,CN,angelo.haley,angelo.haley@email1.com,FIN,100.00 €
DC,Harland,Wood,CN,harland.wood,harland.wood@email1.com,FIN,100.00 €
DC,Marcos,Joyner,CN,marcos.joyner,marcos.joyner@email1.com,FIN,100.00 €
DC,Erline,Waters,CN,erline.waters,erline.waters@email1.com,FIN,100.00 €
DC,Terrence,Glover,CN,terrence.glover,terrence.glover@email1.com,FIN,100.00 €
DC,Ashley,Meadows,CN,ashley.meadows,ashley.meadows@email1.com,FIN,100.00 €
DC,Andres,Black,CN,andres.black,andres.black@email1.com,FIN,100.00 €
DC,Silas,Rocha,CN,silas.rocha,silas.rocha@email1.com,FIN,100.00 €
DC,Kyoko,Peterson,CN,kyoko.peterson,kyoko.peterson@email1.com,FIN,100.00 €
DC,Wynell,Santiago,CN,wynell.santiago,wynell.santiago@email1.com,FIN,100.00 €
DC,Gerry,Holden,CN,gerry.holden,gerry.holden@email1.com,FIN,100.00 €
DC,Brittni,Hurley,CN,brittni.hurley,brittni.hurley@email1.com,FIN,100.00 €
DC,Jesse,Kelley,CN,jesse.kelley,jesse.kelley@email1.com,FIN,100.00 €
DC,Margarett,Dennis,CN,margarett.dennis,margarett.dennis@email1.com,FIN,100.00 €
DC,Wilburn,Powers,CN,wilburn.powers,wilburn.powers@email1.com,FIN,100.00 €
DC,Deloise,Anderson,CN,deloise.anderson,deloise.anderson@email1.com,FIN,100.00 €
DC,Manual,Fuller,CN,manual.fuller,manual.fuller@email1.com,FIN,100.00 €
DC,Wendie,Roman,CN,wendie.roman,wendie.roman@email1.com,FIN,100.00 €
DC,Cher,Witt,CN,cher.witt,cher.witt@email1.com,FIN,100.00 €
DC,Malorie,Smith,CN,malorie.smith,malorie.smith@email1.com,FIN,100.00 €
DC,Bobbie,Mercer,CN,bobbie.mercer,bobbie.mercer@email1.com,FIN,100.00 €
DC,Ezekiel,Benson,CN,ezekiel.benson,ezekiel.benson@email1.com,FIN,100.00 €
DC,Douglass,Vasquez,CN,douglass.vasquez,douglass.vasquez@email1.com,FIN,100.00 €
DC,Taisha,Craig,CN,taisha.craig,taisha.craig@email1.com,FIN,100.00 €
DC,Hedy,Richard,CN,hedy.richard,hedy.richard@email1.com,FIN,100.00 €
DC,Sam,Guzman,CN,sam.guzman,sam.guzman@email1.com,FIN,100.00 €
DC,Jacinto,Durham,CN,jacinto.durham,jacinto.durham@email1.com,FIN,100.00 €
DC,Tinisha,Barrera,CN,tinisha.barrera,tinisha.barrera@email1.com,FIN,100.00 €
DC,Lamont,Reilly,CN,lamont.reilly,lamont.reilly@email1.com,FIN,100.00 €
DC,Nguyet,William,CN,nguyet.william,nguyet.william@email1.com,FIN,100.00 €
DC,Hyon,Petersen,CN,hyon.petersen,hyon.petersen@email1.com,FIN,100.00 €
DC,Douglass,Gonzalez,CN,douglass.gonzalez,douglass.gonzalez@email1.com,FIN,100.00 €
DC,Juliane,Powell,CN,juliane.powell,juliane.powell@email1.com,FIN,100.00 €
DC,Antwan,Lynch,CN,antwan.lynch,antwan.lynch@email1.com,FIN,100.00 €
DC,Lino,Kirkland,CN,lino.kirkland,lino.kirkland@email1.com,FIN,100.00 €
DC,Niesha,Noel,CN,niesha.noel,niesha.noel@email1.com,FIN,100.00 €
DC,Maximina,Aguilar,CN,maximina.aguilar,maximina.aguilar@email1.com,FIN,100.00 €
DC,Dante,Rodgers,CN,dante.rodgers,dante.rodgers@email1.com,FIN,100.00 €
DC,Ramonita,Macias,CN,ramonita.macias,ramonita.macias@email1.com,FIN,100.00 €
DC,Hedy,Glover,CN,hedy.glover,hedy.glover@email1.com,FIN,100.00 €
DC,Verlie,Mcbride,CN,verlie.mcbride,verlie.mcbride@email1.com,FIN,100.00 €
DC,Sylvester,Johns,CN,sylvester.johns,sylvester.johns@email1.com,FIN,100.00 €
DC,Oswaldo,Haney,CN,oswaldo.haney,oswaldo.haney@email1.com,FIN,100.00 €
DC,Onita,Workman,CN,onita.workman,onita.workman@email1.com,FIN,100.00 €
DC,Sherika,Webster,CN,sherika.webster,sherika.webster@email1.com,FIN,100.00 €
DC,Jerrell,Stokes,CN,jerrell.stokes,jerrell.stokes@email1.com,FIN,100.00 €
DC,Julee,Rice,CN,julee.rice,julee.rice@email1.com,FIN,100.00 €
DC,Earlean,Campbell,CN,earlean.campbell,earlean.campbell@email1.com,FIN,100.00 €
DC,Leigh,Flores,CN,leigh.flores,leigh.flores@email1.com,FIN,100.00 €
DC,Kathrin,Hinton,CN,kathrin.hinton,kathrin.hinton@email1.com,FIN,100.00 €
DC,Caleb,Hoffman,CN,caleb.hoffman,caleb.hoffman@email1.com,FIN,100.00 €
DC,Eliseo,Daniel,CN,eliseo.daniel,eliseo.daniel@email1.com,FIN,100.00 €
DC,Adam,Landry,CN,adam.landry,adam.landry@email1.com,FIN,100.00 €
DC,Jona,Acevedo,CN,jona.acevedo,jona.acevedo@email1.com,FIN,100.00 €
DC,Particia,Knight,CN,particia.knight,particia.knight@email1.com,FIN,100.00 €
DC,Connie,Charles,CN,connie.charles,connie.charles@email1.com,FIN,100.00 €
DC,Wenona,Weber,CN,wenona.weber,wenona.weber@email1.com,FIN,100.00 €
DC,Kiersten,Hammond,CN,kiersten.hammond,kiersten.hammond@email1.com,FIN,100.00 €
DC,Loma,Bennett,CN,loma.bennett,loma.bennett@email1.com,FIN,100.00 €
DC,Matthew,Gilmore,CN,matthew.gilmore,matthew.gilmore@email1.com,FIN,100.00 €
DC,Bunny,Byrd,CN,bunny.byrd,bunny.byrd@email1.com,FIN,100.00 €
DC,Tiny,Rice,CN,tiny.rice,tiny.rice@email1.com,FIN,100.00 €
DC,Anton,Rollins,CN,anton.rollins,anton.rollins@email1.com,FIN,100.00 €
DC,Macy,French,CN,macy.french,macy.french@email1.com,FIN,100.00 €
DC,Indira,Todd,CN,indira.todd,indira.todd@email1.com,FIN,100.00 €
DC,Raymon,Cameron,CN,raymon.cameron,raymon.cameron@email1.com,FIN,100.00 €
DC,Ellis,Wilcox,CN,ellis.wilcox,ellis.wilcox@email1.com,FIN,100.00 €
DC,Bunny,Joyner,CN,bunny.joyner,bunny.joyner@email1.com,FIN,100.00 €
DC,Leo,Howe,CN,leo.howe,leo.howe@email1.com,FIN,100.00 €
DC,Kathaleen,Tyler,CN,kathaleen.tyler,kathaleen.tyler@email1.com,FIN,100.00 €
DC,Liberty,Richmond,CN,liberty.richmond,liberty.richmond@email1.com,FIN,100.00 €
DC,Rupert,Lott,CN,rupert.lott,rupert.lott@email1.com,FIN,100.00 €
DC,Garfield,Ramsey,CN,garfield.ramsey,garfield.ramsey@email1.com,FIN,100.00 €
DC,Terrilyn,Contreras,CN,terrilyn.contreras,terrilyn.contreras@email1.com,FIN,100.00 €
DC,Clelia,Watson,CN,clelia.watson,clelia.watson@email1.com,FIN,100.00 €
DC,Percy,Hardy,CN,percy.hardy,percy.hardy@email1.com,FIN,100.00 €
DC,Adalberto,Suarez,CN,adalberto.suarez,adalberto.suarez@email1.com,FIN,100.00 €
DC,Avril,Mclean,CN,avril.mclean,avril.mclean@email1.com,FIN,100.00 €
DC,Shery,Lambert,CN,shery.lambert,shery.lambert@email1.com,FIN,100.00 €
DC,Caroll,Green,CN,caroll.green,caroll.green@email1.com,FIN,100.00 €
DC,Elina,Ware,CN,elina.ware,elina.ware@email1.com,FIN,100.00 €
DC,Krystina,Bauer,CN,krystina.bauer,krystina.bauer@email1.com,FIN,100.00 €
DC,Ed,Golden,CN,ed.golden,ed.golden@email1.com,FIN,100.00 €
DC,Esteban,Frost,CN,esteban.frost,esteban.frost@email1.com,FIN,100.00 €
DC,Ty,Ford,CN,ty.ford,ty.ford@email1.com,FIN,100.00 €
DC,Danny,Galloway,CN,danny.galloway,danny.galloway@email1.com,FIN,100.00 €
DC,Ben,Juarez,CN,ben.juarez,ben.juarez@email1.com,FIN,100.00 €
DC,Lucius,Higgins,CN,lucius.higgins,lucius.higgins@email1.com,FIN,100.00 €
DC,Jude,Petty,CN,jude.petty,jude.petty@email1.com,FIN,100.00 €
DC,Youlanda,Maxwell,CN,youlanda.maxwell,youlanda.maxwell@email1.com,FIN,100.00 €
DC,Ralph,Dyer,CN,ralph.dyer,ralph.dyer@email1.com,FIN,100.00 €
DC,Isiah,Lynch,CN,isiah.lynch,isiah.lynch@email1.com,FIN,100.00 €
DC,Felton,Schwartz,CN,felton.schwartz,felton.schwartz@email1.com,FIN,100.00 €
DC,Rex,Lambert,CN,rex.lambert,rex.lambert@email1.com,FIN,100.00 €
DC,Ignacio,Leblanc,CN,ignacio.leblanc,ignacio.leblanc@email1.com,FIN,100.00 €
DC,Evelin,Blackburn,CN,evelin.blackburn,evelin.blackburn@email1.com,FIN,100.00 €
DC,Caroll,Banks,CN,caroll.banks,caroll.banks@email1.com,FIN,100.00 €
DC,Saran,Stout,CN,saran.stout,saran.stout@email1.com,FOO,100.00 €
DC,Johnathan,Miles,CN,johnathan.miles,johnathan.miles@email1.com,FOO,100.00 €
DC,Cary,Hays,CN,cary.hays,cary.hays@email1.com,FOO,100.00 €
DC,Corey,Marsh,CN,corey.marsh,corey.marsh@email1.com,FOO,100.00 €
DC,Jarod,Lang,CN,jarod.lang,jarod.lang@email1.com,FOO,100.00 €
DC,Bert,Lewis,CN,bert.lewis,bert.lewis@email1.com,FOO,100.00 €
DC,Genevive,Morton,CN,genevive.morton,genevive.morton@email1.com,FOO,100.00 €
DC,Royal,Wells,CN,royal.wells,royal.wells@email1.com,FOO,100.00 €
DC,Antonetta,Brooks,CN,antonetta.brooks,antonetta.brooks@email1.com,FOO,100.00 €
DC,Chang,Robinson,CN,chang.robinson,chang.robinson@email1.com,FOO,100.00 €
DC,Ollie,Kelley,CN,ollie.kelley,ollie.kelley@email1.com,FOO,100.00 €
DC,Edmund,Everett,CN,edmund.everett,edmund.everett@email1.com,FOO,100.00 €
DC,Shala,Drake,CN,shala.drake,shala.drake@email1.com,FOO,100.00 €
DC,Calandra,Pitts,CN,calandra.pitts,calandra.pitts@email1.com,FOO,100.00 €
DC,Deloras,Craig,CN,deloras.craig,deloras.craig@email1.com,FOO,100.00 €
DC,Catherina,Murphy,CN,catherina.murphy,catherina.murphy@email1.com,FOO,100.00 €
DC,Ned,Hinton,CN,ned.hinton,ned.hinton@email1.com,FOO,100.00 €
DC,Lanny,Cunningham,CN,lanny.cunningham,lanny.cunningham@email1.com,FOO,100.00 €
DC,Jarrod,Jacobs,CN,jarrod.jacobs,jarrod.jacobs@email1.com,FOO,100.00 €
DC,Raymundo,Pugh,CN,raymundo.pugh,raymundo.pugh@email1.com,FOO,100.00 €
DC,Sung,Brennan,CN,sung.brennan,sung.brennan@email1.com,FOO,100.00 €
DC,Sanora,Travis,CN,sanora.travis,sanora.travis@email1.com,FOO,100.00 €
DC,Xenia,Crawford,CN,xenia.crawford,xenia.crawford@email1.com,FOO,100.00 €
DC,Vannesa,Lowe,CN,vannesa.lowe,vannesa.lowe@email1.com,FOO,100.00 €
DC,Adriene,Potter,CN,adriene.potter,adriene.potter@email1.com,FOO,100.00 €
DC,Quiana,Davenport,CN,quiana.davenport,quiana.davenport@email1.com,FOO,100.00 €
DC,Lavonia,Hardin,CN,lavonia.hardin,lavonia.hardin@email1.com,FOO,100.00 €
DC,Wilfredo,Foreman,CN,wilfredo.foreman,wilfredo.foreman@email1.com,FOO,100.00 €
DC,Brent,Cobb,CN,brent.cobb,brent.cobb@email1.com,FOO,100.00 €
DC,Lucas,Marsh,CN,lucas.marsh,lucas.marsh@email1.com,FOO,100.00 €
DC,Dorian,Daniels,CN,dorian.daniels,dorian.daniels@email1.com,FOO,100.00 €
DC,Caroyln,Pena,CN,caroyln.pena,caroyln.pena@email1.com,FOO,100.00 €
DC,Glen,Salazar,CN,glen.salazar,glen.salazar@email1.com,FOO,100.00 €
DC,Cecil,Benton,CN,cecil.benton,cecil.benton@email1.com,FOO,100.00 €
DC,Gerry,Abbott,CN,gerry.abbott,gerry.abbott@email1.com,FOO,100.00 €
DC,Earle,Harvey,CN,earle.harvey,earle.harvey@email1.com,FOO,100.00 €
DC,Kendall,Preston,CN,kendall.preston,kendall.preston@email1.com,FOO,100.00 €
DC,Sanford,Benton,CN,sanford.benton,sanford.benton@email1.com,FOO,100.00 €
DC,Francisco,Cummings,CN,francisco.cummings,francisco.cummings@email1.com,FOO,100.00 €
DC,Tanna,Galloway,CN,tanna.galloway,tanna.galloway@email1.com,FOO,100.00 €
DC,Chas,Clay,CN,chas.clay,chas.clay@email1.com,FOO,100.00 €
DC,Ludie,Caldwell,CN,ludie.caldwell,ludie.caldwell@email1.com,FOO,100.00 €
DC,Herman,Fisher,CN,herman.fisher,herman.fisher@email1.com,FOO,100.00 €
DC,Raelene,Lawson,CN,raelene.lawson,raelene.lawson@email1.com,FOO,100.00 €
DC,Shena,Madden,CN,shena.madden,shena.madden@email1.com,FOO,100.00 €
DC,Stan,Cook,CN,stan.cook,stan.cook@email1.com,FOO,100.00 €
DC,My,Owens,CN,my.owens,my.owens@email1.com,FOO,100.00 €
DC,Robbie,Dorsey,CN,robbie.dorsey,robbie.dorsey@email1.com,FOO,100.00 €
DC,Jamal,O'brien,CN,jamal.o'brien,jamal.o'brien@email1.com,FOO,100.00 €
DC,Herb,Banks,CN,herb.banks,herb.banks@email1.com,FOO,100.00 €
DC,Duane,Cruz,CN,duane.cruz,duane.cruz@email1.com,FOO,100.00 €
DC,Shaquana,Ross,CN,shaquana.ross,shaquana.ross@email1.com,FOO,100.00 €
DC,Shay,Bailey,CN,shay.bailey,shay.bailey@email1.com,FOO,100.00 €
DC,Fermin,Todd,CN,fermin.todd,fermin.todd@email1.com,FOO,100.00 €
DC,Florencio,Guerrero,CN,florencio.guerrero,florencio.guerrero@email1.com,FOO,100.00 €
DC,Douglass,Juarez,CN,douglass.juarez,douglass.juarez@email1.com,FOO,100.00 €
DC,Wilson,Cohen,CN,wilson.cohen,wilson.cohen@email1.com,FOO,100.00 €
DC,Harley,Shields,CN,harley.shields,harley.shields@email1.com,FOO,100.00 €
DC,Rufina,Rogers,CN,rufina.rogers,rufina.rogers@email1.com,FOO,100.00 €
DC,Carrol,Goodwin,CN,carrol.goodwin,carrol.goodwin@email1.com,FOO,100.00 €
DC,Shaun,Farmer,CN,shaun.farmer,shaun.farmer@email1.com,FOO,100.00 €
DC,Dannielle,Brewer,CN,dannielle.brewer,dannielle.brewer@email1.com,FOO,100.00 €
DC,Elvie,Nielsen,CN,elvie.nielsen,elvie.nielsen@email1.com,FOO,100.00 €
DC,Kraig,Stewart,CN,kraig.stewart,kraig.stewart@email1.com,FOO,100.00 €
DC,Deshawn,Hendricks,CN,deshawn.hendricks,deshawn.hendricks@email1.com,FOO,100.00 €
DC,Kandis,Hays,CN,kandis.hays,kandis.hays@email1.com,FOO,100.00 €
DC,Clarence,Mcfadden,CN,clarence.mcfadden,clarence.mcfadden@email1.com,FOO,100.00 €
DC,Wallace,Yates,CN,wallace.yates,wallace.yates@email1.com,FOO,100.00 €
DC,Elmer,Joseph,CN,elmer.joseph,elmer.joseph@email1.com,FOO,100.00 €
DC,Daryl,Joyce,CN,daryl.joyce,daryl.joyce@email1.com,FOO,100.00 €
DC,Laurena,Ellison,CN,laurena.ellison,laurena.ellison@email1.com,FOO,100.00 €
DC,Jaleesa,Jacobson,CN,jaleesa.jacobson,jaleesa.jacobson@email1.com,FOO,100.00 €
DC,Dong,Flores,CN,dong.flores,dong.flores@email1.com,FOO,100.00 €
DC,Drusilla,Moreno,CN,drusilla.moreno,drusilla.moreno@email1.com,FOO,100.00 €
DC,Mariano,Horn,CN,mariano.horn,mariano.horn@email1.com,FOO,100.00 €
DC,Adalberto,Russo,CN,adalberto.russo,adalberto.russo@email1.com,FOO,100.00 €
DC,Leeanne,Zimmerman,CN,leeanne.zimmerman,leeanne.zimmerman@email1.com,FOO,100.00 €
DC,Erik,Richardson,CN,erik.richardson,erik.richardson@email1.com,FOO,100.00 €
DC,Jordon,Woods,CN,jordon.woods,jordon.woods@email1.com,FOO,100.00 €
DC,Erich,Adams,CN,erich.adams,erich.adams@email1.com,FOO,100.00 €
DC,Edelmira,Gonzales,CN,edelmira.gonzales,edelmira.gonzales@email1.com,FOO,100.00 €
DC,King,Rich,CN,king.rich,king.rich@email1.com,FOO,100.00 €
DC,Marquetta,Barnett,CN,marquetta.barnett,marquetta.barnett@email1.com,FOO,100.00 €
DC,Shenna,Ellis,CN,shenna.ellis,shenna.ellis@email1.com,FOO,100.00 €
DC,Merna,Diaz,CN,merna.diaz,merna.diaz@email1.com,FOO,100.00 €
DC,Isidro,Patrick,CN,isidro.patrick,isidro.patrick@email1.com,FOO,100.00 €
DC,Shayne,Edwards,CN,shayne.edwards,shayne.edwards@email1.com,FOO,100.00 €
DC,Cinderella,Downs,CN,cinderella.downs,cinderella.downs@email1.com,FOO,100.00 €
DC,Sherly,Peck,CN,sherly.peck,sherly.peck@email1.com,FOO,100.00 €
DC,Collin,Munoz,CN,collin.munoz,collin.munoz@email1.com,FOO,100.00 €
DC,Ellsworth,Horne,CN,ellsworth.horne,ellsworth.horne@email1.com,FOO,100.00 €
DC,Cyril,Cherry,CN,cyril.cherry,cyril.cherry@email1.com,FOO,100.00 €
DC,Annalee,Gomez,CN,annalee.gomez,annalee.gomez@email1.com,FOO,100.00 €
DC,Timothy,Cook,CN,timothy.cook,timothy.cook@email1.com,FOO,100.00 €
DC,Monet,Woodward,CN,monet.woodward,monet.woodward@email1.com,FOO,100.00 €
DC,Pei,Powell,CN,pei.powell,pei.powell@email1.com,FOO,100.00 €
DC,Federico,Bishop,CN,federico.bishop,federico.bishop@email1.com,RET,100.00 €
DC,Irwin,Ray,CN,irwin.ray,irwin.ray@email1.com,RET,100.00 €
DC,Jewel,Mercado,CN,jewel.mercado,jewel.mercado@email1.com,RET,100.00 €
DC,Weldon,Navarro,CN,weldon.navarro,weldon.navarro@email1.com,RET,100.00 €
DC,Brunilda,Bentley,CN,brunilda.bentley,brunilda.bentley@email1.com,RET,100.00 €
DC,Adrien,Howard,CN,adrien.howard,adrien.howard@email1.com,RET,100.00 €
DC,Ty,Clarke,CN,ty.clarke,ty.clarke@email1.com,RET,100.00 €
DC,Fallon,Flores,CN,fallon.flores,fallon.flores@email1.com,RET,100.00 €
DC,Agustin,Drake,CN,agustin.drake,agustin.drake@email1.com,RET,100.00 €
DC,Johnny,Coleman,CN,johnny.coleman,johnny.coleman@email1.com,RET,100.00 €
DC,Dayle,Watson,CN,dayle.watson,dayle.watson@email1.com,RET,100.00 €
DC,Leon,Coffey,CN,leon.coffey,leon.coffey@email1.com,RET,100.00 €
DC,Delicia,Riley,CN,delicia.riley,delicia.riley@email1.com,RET,100.00 €
DC,Glendora,Ware,CN,glendora.ware,glendora.ware@email1.com,RET,100.00 €
DC,Earle,Pope,CN,earle.pope,earle.pope@email1.com,RET,100.00 €
DC,Barry,Cooper,CN,barry.cooper,barry.cooper@email1.com,RET,100.00 €
DC,Carry,Saunders,CN,carry.saunders,carry.saunders@email1.com,RET,100.00 €
DC,Romana,Gould,CN,romana.gould,romana.gould@email1.com,RET,100.00 €
DC,Johnson,Watkins,CN,johnson.watkins,johnson.watkins@email1.com,RET,100.00 €
DC,Sumiko,Mcmahon,CN,sumiko.mcmahon,sumiko.mcmahon@email1.com,RET,100.00 €
DC,Claude,Garcia,CN,claude.garcia,claude.garcia@email1.com,RET,100.00 €
DC,Timothy,Kidd,CN,timothy.kidd,timothy.kidd@email1.com,RET,100.00 €
DC,Delora,Owens,CN,delora.owens,delora.owens@email1.com,RET,100.00 €
DC,Mose,Roth,CN,mose.roth,mose.roth@email1.com,RET,100.00 €
DC,Mose,Doyle,CN,mose.doyle,mose.doyle@email1.com,RET,100.00 €
DC,Mathew,O'neill,CN,mathew.o'neill,mathew.o'neill@email1.com,RET,100.00 €
DC,Georgeanna,Stafford,CN,georgeanna.stafford,georgeanna.stafford@email1.com,RET,100.00 €
DC,Elisha,Durham,CN,elisha.durham,elisha.durham@email1.com,RET,100.00 €
DC,Karmen,Russo,CN,karmen.russo,karmen.russo@email1.com,RET,100.00 €
DC,Ronald,Day,CN,ronald.day,ronald.day@email1.com,RET,100.00 €
DC,Owen,Ramos,CN,owen.ramos,owen.ramos@email1.com,RET,100.00 €
DC,Rodney,Elliott,CN,rodney.elliott,rodney.elliott@email1.com,RET,100.00 €
DC,Curt,Dickson,CN,curt.dickson,curt.dickson@email1.com,RET,100.00 €
DC,Lashaun,Carlson,CN,lashaun.carlson,lashaun.carlson@email1.com,RET,100.00 €
DC,Ha,Hoffman,CN,ha.hoffman,ha.hoffman@email1.com,RET,100.00 €
DC,Ezekiel,Kennedy,CN,ezekiel.kennedy,ezekiel.kennedy@email1.com,RET,100.00 €
DC,Pauletta,Hale,CN,pauletta.hale,pauletta.hale@email1.com,RET,100.00 €
DC,Roselia,Snyder,CN,roselia.snyder,roselia.snyder@email1.com,RET,100.00 €
DC,Nadene,Mccarty,CN,nadene.mccarty,nadene.mccarty@email1.com,RET,100.00 €
DC,Hassie,Wong,CN,hassie.wong,hassie.wong@email1.com,RET,100.00 €
DC,Kit,Sherman,CN,kit.sherman,kit.sherman@email1.com,RET,100.00 €
DC,Zackary,Barnett,CN,zackary.barnett,zackary.barnett@email1.com,RET,100.00 €
DC,Tereasa,Morgan,CN,tereasa.morgan,tereasa.morgan@email1.com,RET,100.00 €
DC,Emmy,Garner,CN,emmy.garner,emmy.garner@email1.com,RET,100.00 €
DC,Markita,Monroe,CN,markita.monroe,markita.monroe@email1.com,RET,100.00 €
DC,Sang,Nieves,CN,sang.nieves,sang.nieves@email1.com,RET,100.00 €
DC,Rima,Jacobson,CN,rima.jacobson,rima.jacobson@email1.com,RET,100.00 €
DC,Andres,Watts,CN,andres.watts,andres.watts@email1.com,RET,100.00 €
DC,Lieselotte,Jenkins,CN,lieselotte.jenkins,lieselotte.jenkins@email1.com,RET,100.00 €
DC,Ike,Christian,CN,ike.christian,ike.christian@email1.com,RET,100.00 €
DC,Richie,Lloyd,CN,richie.lloyd,richie.lloyd@email1.com,RET,100.00 €
DC,Delorse,Silva,CN,delorse.silva,delorse.silva@email1.com,RET,100.00 €
DC,Nigel,May,CN,nigel.may,nigel.may@email1.com,RET,100.00 €
DC,Crystle,Vazquez,CN,crystle.vazquez,crystle.vazquez@email1.com,RET,100.00 €
DC,Quinn,Matthews,CN,quinn.matthews,quinn.matthews@email1.com,RET,100.00 €
DC,Suanne,Leach,CN,suanne.leach,suanne.leach@email1.com,RET,100.00 €
DC,Sirena,Waller,CN,sirena.waller,sirena.waller@email1.com,RET,100.00 €
DC,Grover,Greene,CN,grover.greene,grover.greene@email1.com,RET,100.00 €
DC,Tinisha,Castaneda,CN,tinisha.castaneda,tinisha.castaneda@email1.com,RET,100.00 €
DC,Bobette,Lott,CN,bobette.lott,bobette.lott@email1.com,RET,100.00 €
DC,Ian,Cannon,CN,ian.cannon,ian.cannon@email1.com,RET,100.00 €
DC,Gilberte,Reid,CN,gilberte.reid,gilberte.reid@email1.com,RET,100.00 €
DC,Kerstin,Bradshaw,CN,kerstin.bradshaw,kerstin.bradshaw@email1.com,RET,100.00 €
DC,Laverne,Hutchinson,CN,laverne.hutchinson,laverne.hutchinson@email1.com,RET,100.00 €
DC,Skye,Andrews,CN,skye.andrews,skye.andrews@email1.com,RET,100.00 €
DC,Lavera,Davidson,CN,lavera.davidson,lavera.davidson@email1.com,RET,100.00 €
DC,Hobert,Alston,CN,hobert.alston,hobert.alston@email1.com,RET,100.00 €
DC,Glennis,Brock,CN,glennis.brock,glennis.brock@email1.com,RET,100.00 €
DC,Brittny,Ross,CN,brittny.ross,brittny.ross@email1.com,RET,100.00 €
DC,Felix,Contreras,CN,felix.contreras,felix.contreras@email1.com,RET,100.00 €
DC,Marco,Ford,CN,marco.ford,marco.ford@email1.com,RET,100.00 €
DC,Darrel,Carroll,CN,darrel.carroll,darrel.carroll@email1.com,RET,100.00 €
DC,Mark,Grant,CN,mark.grant,mark.grant@email1.com,RET,100.00 €
DC,Leonardo,Townsend,CN,leonardo.townsend,leonardo.townsend@email1.com,RET,100.00 €
DC,Lorrine,Ramos,CN,lorrine.ramos,lorrine.ramos@email1.com,RET,100.00 €
DC,King,Hooper,CN,king.hooper,king.hooper@email1.com,RET,100.00 €
DC,Ambrose,Everett,CN,ambrose.everett,ambrose.everett@email1.com,RET,100.00 €
DC,Cicely,Wheeler,CN,cicely.wheeler,cicely.wheeler@email1.com,RET,100.00 €
DC,Kevin,Ballard,CN,kevin.ballard,kevin.ballard@email1.com,RET,100.00 €
DC,Kasandra,Crane,CN,kasandra.crane,kasandra.crane@email1.com,RET,100.00 €
DC,Lesha,Powers,CN,lesha.powers,lesha.powers@email1.com,RET,100.00 €
DC,Francina,Guy,CN,francina.guy,francina.guy@email1.com,RET,100.00 €
DC,Janean,Poole,CN,janean.poole,janean.poole@email1.com,RET,100.00 €
DC,Byron,Fisher,CN,byron.fisher,byron.fisher@email1.com,RET,100.00 €
DC,Willene,Perez,CN,willene.perez,willene.perez@email1.com,RET,100.00 €
DC,Alejandro,Pittman,CN,alejandro.pittman,alejandro.pittman@email1.com,RET,100.00 €
DC,Hugh,Bowers,CN,hugh.bowers,hugh.bowers@email1.com,RET,100.00 €
DC,Echo,Stafford,CN,echo.stafford,echo.stafford@email1.com,RET,100.00 €
DC,Jong,Franco,CN,jong.franco,jong.franco@email1.com,RET,100.00 €
DC,Clyde,Sampson,CN,clyde.sampson,clyde.sampson@email1.com,RET,100.00 €
DC,Dreama,Savage,CN,dreama.savage,dreama.savage@email1.com,RET,100.00 €
DC,Antione,Rivera,CN,antione.rivera,antione.rivera@email1.com,RET,100.00 €
DC,Terrence,Tillman,CN,terrence.tillman,terrence.tillman@email1.com,RET,100.00 €
DC,Walter,Gordon,CN,walter.gordon,walter.gordon@email1.com,RET,100.00 €
DC,Erin,Trevino,CN,erin.trevino,erin.trevino@email1.com,RET,100.00 €
DC,Lashawna,Lawson,CN,lashawna.lawson,lashawna.lawson@email1.com,RET,100.00 €
DC,Chong,Pennington,CN,chong.pennington,chong.pennington@email1.com,ISM,100.00 €
DC,Oren,Velazquez,CN,oren.velazquez,oren.velazquez@email1.com,ISM,100.00 €
DC,Sena,Goodman,CN,sena.goodman,sena.goodman@email1.com,ISM,100.00 €
DC,Thao,Rush,CN,thao.rush,thao.rush@email1.com,ISM,100.00 €
DC,Issac,Ortega,CN,issac.ortega,issac.ortega@email1.com,ISM,100.00 €
DC,Kenisha,O'connor,CN,kenisha.o'connor,kenisha.o'connor@email1.com,ISM,100.00 €
DC,Ping,Huff,CN,ping.huff,ping.huff@email1.com,ISM,100.00 €
DC,Rea,Nicholson,CN,rea.nicholson,rea.nicholson@email1.com,ISM,100.00 €
DC,Salvatore,Olsen,CN,salvatore.olsen,salvatore.olsen@email1.com,ISM,100.00 €
DC,Jan,Casey,CN,jan.casey,jan.casey@email1.com,ISM,100.00 €
DC,Raymonde,Gregory,CN,raymonde.gregory,raymonde.gregory@email1.com,ISM,100.00 €
DC,Daniel,Horne,CN,daniel.horne,daniel.horne@email1.com,ISM,100.00 €
DC,Raymonde,Alvarado,CN,raymonde.alvarado,raymonde.alvarado@email1.com,ISM,100.00 €
DC,Retta,Buck,CN,retta.buck,retta.buck@email1.com,ISM,100.00 €
DC,Leanora,Dotson,CN,leanora.dotson,leanora.dotson@email1.com,ISM,100.00 €
DC,Tad,Mcknight,CN,tad.mcknight,tad.mcknight@email1.com,ISM,100.00 €
DC,Kizzie,Mathis,CN,kizzie.mathis,kizzie.mathis@email1.com,ISM,100.00 €
DC,Anisha,Dunn,CN,anisha.dunn,anisha.dunn@email1.com,ISM,100.00 €
DC,Marlana,Velasquez,CN,marlana.velasquez,marlana.velasquez@email1.com,ISM,100.00 €
DC,Eleni,Woods,CN,eleni.woods,eleni.woods@email1.com,ISM,100.00 €
DC,Donnetta,Mcdaniel,CN,donnetta.mcdaniel,donnetta.mcdaniel@email1.com,ISM,100.00 €
DC,Chad,Bonner,CN,chad.bonner,chad.bonner@email1.com,ISM,100.00 €
DC,Lyndon,Ochoa,CN,lyndon.ochoa,lyndon.ochoa@email1.com,ISM,100.00 €
DC,Marcellus,Battle,CN,marcellus.battle,marcellus.battle@email1.com,ISM,100.00 €
DC,Genna,Sullivan,CN,genna.sullivan,genna.sullivan@email1.com,ISM,100.00 €
DC,Cristopher,Charles,CN,cristopher.charles,cristopher.charles@email1.com,ISM,100.00 €
DC,Myles,Morales,CN,myles.morales,myles.morales@email1.com,ISM,100.00 €
DC,Allen,Acevedo,CN,allen.acevedo,allen.acevedo@email1.com,ISM,100.00 €
DC,Bret,Ayers,CN,bret.ayers,bret.ayers@email1.com,ISM,100.00 €
DC,Kurtis,Wade,CN,kurtis.wade,kurtis.wade@email1.com,ISM,100.00 €
DC,Refugio,Hancock,CN,refugio.hancock,refugio.hancock@email1.com,ISM,100.00 €
DC,Evita,Hinton,CN,evita.hinton,evita.hinton@email1.com,ISM,100.00 €
DC,Emanuel,Melendez,CN,emanuel.melendez,emanuel.melendez@email1.com,ISM,100.00 €
DC,Macy,Gonzales,CN,macy.gonzales,macy.gonzales@email1.com,ISM,100.00 €
DC,Cristopher,Patel,CN,cristopher.patel,cristopher.patel@email1.com,ISM,100.00 €
DC,Emmaline,Witt,CN,emmaline.witt,emmaline.witt@email1.com,ISM,100.00 €
DC,Santos,Hess,CN,santos.hess,santos.hess@email1.com,ISM,100.00 €
DC,Gilberto,Levy,CN,gilberto.levy,gilberto.levy@email1.com,ISM,100.00 €
DC,Grisel,Rowe,CN,grisel.rowe,grisel.rowe@email1.com,ISM,100.00 €
DC,Tod,Powell,CN,tod.powell,tod.powell@email1.com,ISM,100.00 €
DC,Janiece,Alvarez,CN,janiece.alvarez,janiece.alvarez@email1.com,ISM,100.00 €
DC,Debbi,Rodriguez,CN,debbi.rodriguez,debbi.rodriguez@email1.com,ISM,100.00 €
DC,Freddie,Berry,CN,freddie.berry,freddie.berry@email1.com,ISM,100.00 €
DC,Wiley,Melton,CN,wiley.melton,wiley.melton@email1.com,ISM,100.00 €
DC,Darrell,Rivers,CN,darrell.rivers,darrell.rivers@email1.com,ISM,100.00 €
DC,Sari,Herring,CN,sari.herring,sari.herring@email1.com,ISM,100.00 €
DC,Fredric,Raymond,CN,fredric.raymond,fredric.raymond@email1.com,ISM,100.00 €
DC,Magaret,Lambert,CN,magaret.lambert,magaret.lambert@email1.com,ISM,100.00 €
DC,Audria,Chan,CN,audria.chan,audria.chan@email1.com,ISM,100.00 €
DC,Karlyn,Becker,CN,karlyn.becker,karlyn.becker@email1.com,ISM,100.00 €
DC,Kina,Waters,CN,kina.waters,kina.waters@email1.com,ISM,100.00 €
DC,Rey,Powell,CN,rey.powell,rey.powell@email1.com,ISM,100.00 €
DC,Drew,Richards,CN,drew.richards,drew.richards@email1.com,ISM,100.00 €
DC,Jina,Schmidt,CN,jina.schmidt,jina.schmidt@email1.com,ISM,100.00 €
DC,Omar,Gardner,CN,omar.gardner,omar.gardner@email1.com,ISM,100.00 €
DC,Vannesa,Garcia,CN,vannesa.garcia,vannesa.garcia@email1.com,ISM,100.00 €
DC,Merrill,Klein,CN,merrill.klein,merrill.klein@email1.com,ISM,100.00 €
DC,Don,Guthrie,CN,don.guthrie,don.guthrie@email1.com,ISM,100.00 €
DC,Verdie,Yang,CN,verdie.yang,verdie.yang@email1.com,ISM,100.00 €
DC,Lewis,Kim,CN,lewis.kim,lewis.kim@email1.com,ISM,100.00 €
DC,Clarence,Reeves,CN,clarence.reeves,clarence.reeves@email1.com,ISM,100.00 €
DC,Casie,Landry,CN,casie.landry,casie.landry@email1.com,ISM,100.00 €
DC,Jennefer,Ochoa,CN,jennefer.ochoa,jennefer.ochoa@email1.com,ISM,100.00 €
DC,Charise,Carpenter,CN,charise.carpenter,charise.carpenter@email1.com,ISM,100.00 €
DC,Steve,Horne,CN,steve.horne,steve.horne@email1.com,ISM,100.00 €
DC,Tambra,Hardy,CN,tambra.hardy,tambra.hardy@email1.com,ISM,100.00 €
DC,Dorathy,York,CN,dorathy.york,dorathy.york@email1.com,ISM,100.00 €
DC,Niesha,Evans,CN,niesha.evans,niesha.evans@email1.com,ISM,100.00 €
DC,Edward,Reilly,CN,edward.reilly,edward.reilly@email1.com,ISM,100.00 €
DC,Elene,Luna,CN,elene.luna,elene.luna@email1.com,ISM,100.00 €
DC,Nakita,Booth,CN,nakita.booth,nakita.booth@email1.com,ISM,100.00 €
DC,Kali,Curry,CN,kali.curry,kali.curry@email1.com,ISM,100.00 €
DC,Bryon,Dominguez,CN,bryon.dominguez,bryon.dominguez@email1.com,ISM,100.00 €
DC,Ranee,House,CN,ranee.house,ranee.house@email1.com,ISM,100.00 €
DC,Sylvester,Dalton,CN,sylvester.dalton,sylvester.dalton@email1.com,ISM,100.00 €
DC,Chong,Carr,CN,chong.carr,chong.carr@email1.com,ISM,100.00 €
DC,Emmie,Poole,CN,emmie.poole,emmie.poole@email1.com,ISM,100.00 €
DC,Williams,Cox,CN,williams.cox,williams.cox@email1.com,ISM,100.00 €
DC,Toby,Small,CN,toby.small,toby.small@email1.com,ISM,100.00 €
DC,Anya,Bradley,CN,anya.bradley,anya.bradley@email1.com,ISM,100.00 €
DC,Elanor,Pena,CN,elanor.pena,elanor.pena@email1.com,ISM,100.00 €
DC,Joshua,Vinson,CN,joshua.vinson,joshua.vinson@email1.com,ISM,100.00 €
DC,Arcelia,Blackwell,CN,arcelia.blackwell,arcelia.blackwell@email1.com,ISM,100.00 €
DC,Miguel,Riggs,CN,miguel.riggs,miguel.riggs@email1.com,ISM,100.00 €
DC,Kathline,Ward,CN,kathline.ward,kathline.ward@email1.com,ISM,100.00 €
DC,Reginald,Craft,CN,reginald.craft,reginald.craft@email1.com,ISM,100.00 €
DC,Mitchell,Hayes,CN,mitchell.hayes,mitchell.hayes@email1.com,ISM,100.00 €
DC,Philip,Payne,CN,philip.payne,philip.payne@email1.com,ISM,100.00 €
DC,Christian,Chan,CN,christian.chan,christian.chan@email1.com,ISM,100.00 €
DC,Vernetta,Clemons,CN,vernetta.clemons,vernetta.clemons@email1.com,ISM,100.00 €
DC,Nathan,Landry,CN,nathan.landry,nathan.landry@email1.com,ISM,100.00 €
DC,Johnny,Townsend,CN,johnny.townsend,johnny.townsend@email1.com,ISM,100.00 €
DC,Madalyn,Shields,CN,madalyn.shields,madalyn.shields@email1.com,ISM,100.00 €
DC,Carmelo,Hewitt,CN,carmelo.hewitt,carmelo.hewitt@email1.com,ISM,100.00 €
DC,Van,Hobbs,CN,van.hobbs,van.hobbs@email1.com,ISM,100.00 €
DC,Roman,Rasmussen,CN,roman.rasmussen,roman.rasmussen@email1.com,ISM,100.00 €
DC,Mitsue,Allison,CN,mitsue.allison,mitsue.allison@email1.com,ISM,100.00 €
DC,Taisha,Flynn,CN,taisha.flynn,taisha.flynn@email1.com,ISM,100.00 €
DC,Terrell,Wong,CN,terrell.wong,terrell.wong@email1.com,ISM,100.00 €
DC,Darin,Albert,CN,darin.albert,darin.albert@email1.com,ISM,100.00 €
DC,Armand,English,CN,armand.english,armand.english@email1.com,ISM,100.00 €
DC,Waldo,Head,CN,waldo.head,waldo.head@email1.com,ISM,100.00 €
DC,Flo,Andrews,CN,flo.andrews,flo.andrews@email1.com,ISM,100.00 €
DC,Kraig,Price,CN,kraig.price,kraig.price@email1.com,ISM,100.00 €
DC,Eleonora,Fletcher,CN,eleonora.fletcher,eleonora.fletcher@email1.com,ISM,100.00 €
DC,Sena,Benjamin,CN,sena.benjamin,sena.benjamin@email1.com,ISM,100.00 €
DC,Daphine,Brooks,CN,daphine.brooks,daphine.brooks@email1.com,ISM,100.00 €
DC,Abram,Armstrong,CN,abram.armstrong,abram.armstrong@email1.com,ISM,100.00 €
DC,Lisbeth,Holland,CN,lisbeth.holland,lisbeth.holland@email1.com,MOO,100.00 €
DC,Shane,Mccormick,CN,shane.mccormick,shane.mccormick@email1.com,MOO,100.00 €
DC,Les,Harding,CN,les.harding,les.harding@email1.com,MOO,100.00 €
DC,Muoi,Singleton,CN,muoi.singleton,muoi.singleton@email1.com,MOO,100.00 €
DC,Preston,Skinner,CN,preston.skinner,preston.skinner@email1.com,MOO,100.00 €
DC,Drema,Chang,CN,drema.chang,drema.chang@email1.com,MOO,100.00 €
DC,Berry,Church,CN,berry.church,berry.church@email1.com,MOO,100.00 €
DC,Frank,Leon,CN,frank.leon,frank.leon@email1.com,MOO,100.00 €
DC,Hee,Hartman,CN,hee.hartman,hee.hartman@email1.com,MOO,100.00 €
DC,Cletus,Richmond,CN,cletus.richmond,cletus.richmond@email1.com,MOO,100.00 €
DC,Lester,Lane,CN,lester.lane,lester.lane@email1.com,MOO,100.00 €
DC,Earleen,Daugherty,CN,earleen.daugherty,earleen.daugherty@email1.com,MOO,100.00 €
DC,Dane,Patel,CN,dane.patel,dane.patel@email1.com,MOO,100.00 €
DC,Dewayne,Cash,CN,dewayne.cash,dewayne.cash@email1.com,MOO,100.00 €
DC,Erwin,Browning,CN,erwin.browning,erwin.browning@email1.com,MOO,100.00 €
DC,Yoko,Webster,CN,yoko.webster,yoko.webster@email1.com,MOO,100.00 €
DC,Clay,Dean,CN,clay.dean,clay.dean@email1.com,MOO,100.00 €
DC,Luise,Hall,CN,luise.hall,luise.hall@email1.com,MOO,100.00 €
DC,Kristian,Coleman,CN,kristian.coleman,kristian.coleman@email1.com,MOO,100.00 €
DC,Antonio,Goodman,CN,antonio.goodman,antonio.goodman@email1.com,MOO,100.00 €
DC,August,Mccarty,CN,august.mccarty,august.mccarty@email1.com,MOO,100.00 €
DC,Frank,Rice,CN,frank.rice,frank.rice@email1.com,MOO,100.00 €
DC,Ashli,Harding,CN,ashli.harding,ashli.harding@email1.com,MOO,100.00 €
DC,Lavona,Ferrell,CN,lavona.ferrell,lavona.ferrell@email1.com,MOO,100.00 €
DC,Ettie,Berg,CN,ettie.berg,ettie.berg@email1.com,MOO,100.00 €
DC,Kurt,Greer,CN,kurt.greer,kurt.greer@email1.com,MOO,100.00 €
DC,Debroah,English,CN,debroah.english,debroah.english@email1.com,MOO,100.00 €
DC,Katrice,Green,CN,katrice.green,katrice.green@email1.com,MOO,100.00 €
DC,Domonique,Duran,CN,domonique.duran,domonique.duran@email1.com,MOO,100.00 €
DC,Delmar,Beach,CN,delmar.beach,delmar.beach@email1.com,MOO,100.00 €
DC,Edda,Lang,CN,edda.lang,edda.lang@email1.com,MOO,100.00 €
DC,Julene,Merrill,CN,julene.merrill,julene.merrill@email.com,MOO,100.00 €
DC,Sol,Cochran,CN,sol.cochran,sol.cochran@email.com,MOO,100.00 €
DC,Linwood,Delacruz,CN,linwood.delacruz,linwood.delacruz@email.com,MOO,100.00 €
DC,Mitchell,Cox,CN,mitchell.cox,mitchell.cox@email.com,MOO,100.00 €
DC,Estefana,Orr,CN,estefana.orr,estefana.orr@email.com,MOO,100.00 €
DC,Kristofer,Barlow,CN,kristofer.barlow,kristofer.barlow@email.com,MOO,100.00 €
DC,Tobias,Roberts,CN,tobias.roberts,tobias.roberts@email.com,MOO,100.00 €
DC,Wesley,Fowler,CN,wesley.fowler,wesley.fowler@email.com,MOO,100.00 €
DC,Mignon,Willis,CN,mignon.willis,mignon.willis@email.com,MOO,100.00 €
DC,Larraine,Hamilton,CN,larraine.hamilton,larraine.hamilton@email.com,MOO,100.00 €
DC,Anderson,House,CN,anderson.house,anderson.house@email.com,MOO,100.00 €
DC,Lauryn,Hays,CN,lauryn.hays,lauryn.hays@email.com,MOO,100.00 €
DC,Trent,Holloway,CN,trent.holloway,trent.holloway@email.com,MOO,100.00 €
DC,Clarisa,Bird,CN,clarisa.bird,clarisa.bird@email.com,MOO,100.00 €
DC,Anja,Brooks,CN,anja.brooks,anja.brooks@email.com,MOO,100.00 €
DC,Amina,Caldwell,CN,amina.caldwell,amina.caldwell@email.com,MOO,100.00 €
DC,Taina,Cabrera,CN,taina.cabrera,taina.cabrera@email.com,MOO,100.00 €
DC,Sol,Benton,CN,sol.benton,sol.benton@email.com,MOO,100.00 €
DC,Brendan,O'donnell,CN,brendan.o'donnell,brendan.o'donnell@email.com,MOO,100.00 €
DC,Arthur,Velez,CN,arthur.velez,arthur.velez@email.com,MOO,100.00 €
DC,Stanford,Pratt,CN,stanford.pratt,stanford.pratt@email.com,MOO,100.00 €
DC,Henry,Jones,CN,henry.jones,henry.jones@email.com,MOO,100.00 €
DC,Magali,Sawyer,CN,magali.sawyer,magali.sawyer@email.com,MOO,100.00 €
DC,Manuel,Savage,CN,manuel.savage,manuel.savage@email.com,MOO,100.00 €
DC,Ellena,Grimes,CN,ellena.grimes,ellena.grimes@email.com,MOO,100.00 €
DC,Emmitt,Daniel,CN,emmitt.daniel,emmitt.daniel@email.com,MOO,100.00 €
DC,Ervin,Burns,CN,ervin.burns,ervin.burns@email.com,MOO,100.00 €
DC,Delorse,Peters,CN,delorse.peters,delorse.peters@email.com,MOO,100.00 €
DC,Mac,Harvey,CN,mac.harvey,mac.harvey@email.com,MOO,100.00 €
DC,Ramonita,Rodgers,CN,ramonita.rodgers,ramonita.rodgers@email.com,MOO,100.00 €
DC,Georgene,Wolfe,CN,georgene.wolfe,georgene.wolfe@email.com,MOO,100.00 €
DC,Leandro,Garner,CN,leandro.garner,leandro.garner@email.com,MOO,100.00 €
DC,Micheal,Valdez,CN,micheal.valdez,micheal.valdez@email.com,MOO,100.00 €
DC,Hans,Randolph,CN,hans.randolph,hans.randolph@email.com,MOO,100.00 €
DC,Diego,Flynn,CN,diego.flynn,diego.flynn@email.com,MOO,100.00 €
DC,Lajuana,Reilly,CN,lajuana.reilly,lajuana.reilly@email.com,MOO,100.00 €
DC,Dean,Hutchinson,CN,dean.hutchinson,dean.hutchinson@email.com,MOO,100.00 €
DC,Bret,Small,CN,bret.small,bret.small@email.com,MOO,100.00 €
DC,Oren,Malone,CN,oren.malone,oren.malone@email.com,MOO,100.00 €
DC,Chung,Holden,CN,chung.holden,chung.holden@email.com,MOO,100.00 €
DC,Rosendo,Gray,CN,rosendo.gray,rosendo.gray@email.com,MOO,100.00 €
DC,Ryan,Ryan,CN,ryan.ryan,ryan.ryan@email.com,IU,100.00 €
DC,Genesis,Goodwin,CN,genesis.goodwin,genesis.goodwin@email.com,IU,100.00 €
DC,Shawnda,Doyle,CN,shawnda.doyle,shawnda.doyle@email.com,IU,100.00 €
DC,Oliva,Keith,CN,oliva.keith,oliva.keith@email.com,IU,100.00 €
DC,Jewel,Faulkner,CN,jewel.faulkner,jewel.faulkner@email.com,IU,100.00 €
DC,Celine,Norman,CN,celine.norman,celine.norman@email.com,IU,100.00 €
DC,Tammera,Ewing,CN,tammera.ewing,tammera.ewing@email.com,IU,100.00 €
DC,Coy,Randolph,CN,coy.randolph,coy.randolph@email.com,IU,100.00 €
DC,Cliff,Sawyer,CN,cliff.sawyer,cliff.sawyer@email.com,IU,100.00 €
DC,Lee,Santos,CN,lee.santos,lee.santos@email.com,IU,100.00 €
DC,Kenny,Head,CN,kenny.head,kenny.head@email.com,IU,100.00 €
DC,Elza,Wall,CN,elza.wall,elza.wall@email.com,IU,100.00 €
DC,Orlando,Haley,CN,orlando.haley,orlando.haley@email.com,IU,100.00 €
DC,Jesus,Rodgers,CN,jesus.rodgers,jesus.rodgers@email.com,IU,100.00 €
DC,Joseph,Lloyd,CN,joseph.lloyd,joseph.lloyd@email.com,IU,100.00 €
DC,Michel,Hunter,CN,michel.hunter,michel.hunter@email.com,IU,100.00 €
DC,Ressie,Rojas,CN,ressie.rojas,ressie.rojas@email.com,IU,100.00 €
DC,Junko,Guerrero,CN,junko.guerrero,junko.guerrero@email.com,IU,100.00 €
DC,Jaimee,Noble,CN,jaimee.noble,jaimee.noble@email.com,IU,100.00 €
DC,Gricelda,Stanton,CN,gricelda.stanton,gricelda.stanton@email.com,IU,100.00 €
DC,Gearldine,Farrell,CN,gearldine.farrell,gearldine.farrell@email.com,IU,100.00 €
DC,Jonie,Battle,CN,jonie.battle,jonie.battle@email.com,IU,100.00 €
DC,Trey,Tanner,CN,trey.tanner,trey.tanner@email.com,IU,100.00 €
DC,Dakota,Lynn,CN,dakota.lynn,dakota.lynn@email.com,IU,100.00 €
DC,Gale,Lester,CN,gale.lester,gale.lester@email.com,IU,100.00 €
DC,Marion,Whitley,CN,marion.whitley,marion.whitley@email.com,IU,100.00 €
DC,Sixta,Avila,CN,sixta.avila,sixta.avila@email.com,IU,100.00 €
DC,Jeanett,Boone,CN,jeanett.boone,jeanett.boone@email.com,IU,100.00 €
DC,Nathaniel,Vasquez,CN,nathaniel.vasquez,nathaniel.vasquez@email.com,IU,100.00 €
DC,Zonia,Adkins,CN,zonia.adkins,zonia.adkins@email.com,IU,100.00 €
DC,Leopoldo,Maynard,CN,leopoldo.maynard,leopoldo.maynard@email.com,IU,100.00 €
DC,Delcie,Winters,CN,delcie.winters,delcie.winters@email.com,IU,100.00 €
DC,Pamella,Roach,CN,pamella.roach,pamella.roach@email.com,IU,100.00 €
DC,Alleen,Mccarthy,CN,alleen.mccarthy,alleen.mccarthy@email.com,IU,100.00 €
DC,Angelo,Ware,CN,angelo.ware,angelo.ware@email.com,IU,100.00 €
DC,Adalberto,Hogan,CN,adalberto.hogan,adalberto.hogan@email.com,IU,100.00 €
DC,Wonda,Lloyd,CN,wonda.lloyd,wonda.lloyd@email.com,IU,100.00 €
DC,Coralie,Burke,CN,coralie.burke,coralie.burke@email.com,IU,100.00 €
DC,Eddy,Hart,CN,eddy.hart,eddy.hart@email.com,IU,100.00 €
DC,Neil,Goodman,CN,neil.goodman,neil.goodman@email.com,IU,100.00 €
DC,Louie,Wallace,CN,louie.wallace,louie.wallace@email.com,IU,100.00 €
DC,Tyrone,Morrow,CN,tyrone.morrow,tyrone.morrow@email.com,IU,100.00 €
DC,Esta,English,CN,esta.english,esta.english@email.com,IU,100.00 €
DC,Lakiesha,Cote,CN,lakiesha.cote,lakiesha.cote@email.com,IU,100.00 €
DC,Donovan,Whitehead,CN,donovan.whitehead,donovan.whitehead@email.com,IU,100.00 €
DC,Tamiko,Reilly,CN,tamiko.reilly,tamiko.reilly@email.com,IU,100.00 €
DC,Demetrius,Mcpherson,CN,demetrius.mcpherson,demetrius.mcpherson@email.com,IU,100.00 €
DC,Danial,Leon,CN,danial.leon,danial.leon@email.com,IU,100.00 €
DC,Gabriel,Mcfarland,CN,gabriel.mcfarland,gabriel.mcfarland@email.com,IU,100.00 €
DC,Jed,Horn,CN,jed.horn,jed.horn@email.com,IU,100.00 €
DC,Ronny,Lindsey,CN,ronny.lindsey,ronny.lindsey@email.com,IU,100.00 €
DC,Bethanie,Ewing,CN,bethanie.ewing,bethanie.ewing@email.com,IU,100.00 €
DC,Herman,Suarez,CN,herman.suarez,herman.suarez@email.com,IU,100.00 €
DC,Rudy,Cotton,CN,rudy.cotton,rudy.cotton@email.com,IU,100.00 €
DC,Riley,Reilly,CN,riley.reilly,riley.reilly@email.com,IU,100.00 €
DC,Soila,Mcguire,CN,soila.mcguire,soila.mcguire@email.com,IU,100.00 €
DC,Rea,Barr,CN,rea.barr,rea.barr@email.com,IU,100.00 €
DC,Eufemia,Cook,CN,eufemia.cook,eufemia.cook@email.com,PIL,100.00 €
DC,Casimira,Reed,CN,casimira.reed,casimira.reed@email.com,PIL,100.00 €
DC,Jordon,Gordon,CN,jordon.gordon,jordon.gordon@email.com,PIL,100.00 €
DC,Marketta,Montgomery,CN,marketta.montgomery,marketta.montgomery@email.com,PIL,100.00 €
DC,Hoyt,Martinez,CN,hoyt.martinez,hoyt.martinez@email.com,PIL,100.00 €
DC,Deshawn,Hensley,CN,deshawn.hensley,deshawn.hensley@email.com,PIL,100.00 €
DC,Ty,Sweet,CN,ty.sweet,ty.sweet@email.com,PIL,100.00 €
DC,Clifford,Gibson,CN,clifford.gibson,clifford.gibson@email.com,PIL,100.00 €
DC,Paris,Holden,CN,paris.holden,paris.holden@email.com,PIL,100.00 €
DC,Shenita,Reyes,CN,shenita.reyes,shenita.reyes@email.com,PIL,100.00 €
DC,Crista,Santana,CN,crista.santana,crista.santana@email.com,PIL,100.00 €
DC,Lien,Faulkner,CN,lien.faulkner,lien.faulkner@email.com,PIL,100.00 €
DC,Kaleigh,Nash,CN,kaleigh.nash,kaleigh.nash@email.com,PIL,100.00 €
DC,Janett,Conner,CN,janett.conner,janett.conner@email.com,PIL,100.00 €
DC,Clay,Ramirez,CN,clay.ramirez,clay.ramirez@email.com,PIL,100.00 €
DC,Takisha,Alexander,CN,takisha.alexander,takisha.alexander@email.com,PIL,100.00 €
DC,Felisa,Silva,CN,felisa.silva,felisa.silva@email.com,PIL,100.00 €
DC,Raylene,Mcintyre,CN,raylene.mcintyre,raylene.mcintyre@email.com,PIL,100.00 €
DC,Domingo,Mcpherson,CN,domingo.mcpherson,domingo.mcpherson@email.com,PIL,100.00 €
DC,Donnell,Solomon,CN,donnell.solomon,donnell.solomon@email.com,PIL,100.00 €
DC,Meggan,Melendez,CN,meggan.melendez,meggan.melendez@email.com,PIL,100.00 €
DC,Jeff,Kelley,CN,jeff.kelley,jeff.kelley@email.com,PIL,100.00 €
DC,Kasha,Pugh,CN,kasha.pugh,kasha.pugh@email.com,PIL,100.00 €
DC,Jon,Cooley,CN,jon.cooley,jon.cooley@email.com,PIL,100.00 €
DC,Lavera,Ashley,CN,lavera.ashley,lavera.ashley@email.com,PIL,100.00 €
DC,Fleta,Howell,CN,fleta.howell,fleta.howell@email.com,PIL,100.00 €
DC,Dennis,Larsen,CN,dennis.larsen,dennis.larsen@email.com,PIL,100.00 €
DC,Phil,Knight,CN,phil.knight,phil.knight@email.com,PIL,100.00 €
DC,Nia,Monroe,CN,nia.monroe,nia.monroe@email.com,PIL,100.00 €
DC,Cassaundra,Moore,CN,cassaundra.moore,cassaundra.moore@email2.com,IT,100.00 €
DC,Dewayne,Daugherty,CN,dewayne.daugherty,dewayne.daugherty@email2.com,IT,100.00 €
DC,Melvin,Atkins,CN,melvin.atkins,melvin.atkins@email2.com,IT,100.00 €
DC,Yvone,Lane,CN,yvone.lane,yvone.lane@email2.com,IT,100.00 €
DC,Alex,Bullock,CN,alex.bullock,alex.bullock@email2.com,IT,100.00 €
DC,Deandra,Pace,CN,deandra.pace,deandra.pace@email2.com,IT,100.00 €
DC,Shan,Mann,CN,shan.mann,shan.mann@email2.com,IT,100.00 €
DC,Yi,Sherman,CN,yi.sherman,yi.sherman@email2.com,IT,100.00 €
DC,Jerry,Maguire,UK,jerry.maguire,jerry.maguire@email1.com,FIN,100.00 €
DC,Jane,Julie,US,jane.julie,Jane.julie@email1.com,IT,100.00 €