Application Access,First name,Last name,Country,Username,Mail,BU,Cost
CC,Albert,Mckinney,CN,albert.mckinney,albert.mckinney@email2.com,IT,700.00 €
CC,Kera,Swanson,CN,kera.swanson,kera.swanson@email2.com,IT,700.00 €
CC,Clarinda,Jenkins,CN,clarinda.jenkins,clarinda.jenkins@email2.com,IT,700.00 €
CC,Lucien,Sparks,CN,lucien.sparks,lucien.sparks@email2.com,IT,700.00 €
CC,Lael,Mckay,CN,lael.mckay,lael.mckay@email2.com,IT,700.00 €
CC,Halley,Cortez,CN,halley.cortez,halley.cortez@email2.com,IT,700.00 €
CC,Valrie,Coffey,CN,valrie.coffey,valrie.coffey@email2.com,IT,700.00 €
CC,Terrell,Colon,CN,terrell.colon,terrell.colon@email2.com,IT,700.00 €
CC,Georgianne,Hatfield,CN,georgianne.hatfield,georgianne.hatfield@email2.com,IT,700.00 €
CC,Lynna,King,CN,lynna.king,lynna.king@email2.com,IT,700.00 €
CC,Aaron,Burgess,CN,aaron.burgess,aaron.burgess@email2.com,IT,700.00 €
CC,Edgardo,Ross,CN,edgardo.ross,edgardo.ross@email2.com,IT,700.00 €
CC,Susy,Mcdaniel,CN,susy.mcdaniel,susy.mcdaniel@email2.com,IT,700.00 €
CC,Thaddeus,Vang,CN,thaddeus.vang,thaddeus.vang@email2.com,IT,700.00 €
CC,Joannie,Jordan,CN,joannie.jordan,joannie.jordan@email2.com,IT,700.00 €
CC,Duncan,Gamble,CN,duncan.gamble,duncan.gamble@email2.com,IT,700.00 €
CC,Anneliese,Montgomery,CN,anneliese.montgomery,anneliese.montgomery@email2.com,IT,700.00 €
CC,Shira,Hodges,CN,shira.hodges,shira.hodges@email2.com,IT,700.00 €
CC,Janene,Payne,CN,janene.payne,janene.payne@email2.com,IT,700.00 €
CC,Bernard,Rowe,CN,bernard.rowe,bernard.rowe@email2.com,IT,700.00 €
CC,Sharmaine,Pittman,CN,sharmaine.pittman,sharmaine.pittman@email2.com,IT,700.00 €
CC,Arvilla,Head,CN,arvilla.head,arvilla.head@email2.com,IT,700.00 €
CC,Vernon,Flowers,CN,vernon.flowers,vernon.flowers@email2.com,IT,700.00 €
CC,Wilford,Wilson,CN,wilford.wilson,wilford.wilson@email2.com,IT,700.00 €
CC,Amos,Norton,CN,amos.norton,amos.norton@email2.com,IT,700.00 €
CC,Tyisha,Melton,CN,tyisha.melton,tyisha.melton@email2.com,IT,700.00 €
CC,Echo,Riggs,CN,echo.riggs,echo.riggs@email2.com,IT,700.00 €
CC,Raymond,Horn,CN,raymond.horn,raymond.horn@email2.com,IT,700.00 €
CC,Keli,Jarvis,CN,keli.jarvis,keli.jarvis@email2.com,IT,700.00 €
CC,Jenae,Barry,CN,jenae.barry,jenae.barry@email2.com,IT,700.00 €
CC,Bobbie,Cortez,CN,bobbie.cortez,bobbie.cortez@email2.com,IT,700.00 €
CC,Lory,Erickson,CN,lory.erickson,lory.erickson@email2.com,IT,700.00 €
CC,Ulrike,Sykes,CN,ulrike.sykes,ulrike.sykes@email2.com,IT,700.00 €
CC,Kamilah,Mckay,CN,kamilah.mckay,kamilah.mckay@email2.com,IT,700.00 €
CC,Deangelo,Hodges,CN,deangelo.hodges,deangelo.hodges@email2.com,IT,700.00 €
CC,German,Dyer,CN,german.dyer,german.dyer@email2.com,IT,700.00 €
CC,Jeffery,Herman,CN,jeffery.herman,jeffery.herman@email2.com,IT,700.00 €
CC,Ellan,Kirk,CN,ellan.kirk,ellan.kirk@email2.com,IT,700.00 €
CC,Johnathan,Hampton,CN,johnathan.hampton,johnathan.hampton@email2.com,IT,700.00 €
CC,Aubrey,Wyatt,CN,aubrey.wyatt,aubrey.wyatt@email2.com,IT,700.00 €
CC,Soo,Gates,CN,soo.gates,soo.gates@email2.com,IT,700.00 €
CC,Shane,David,CN,shane.david,shane.david@email2.com,IT,700.00 €
CC,Rosy,Dickson,CN,rosy.dickson,rosy.dickson@email2.com,IT,700.00 €
CC,Matha,Rowe,CN,matha.rowe,matha.rowe@email2.com,IT,700.00 €
CC,Dalene,Graham,CN,dalene.graham,dalene.graham@email2.com,IT,700.00 €
CC,Weston,Woodard,CN,weston.woodard,weston.woodard@email2.com,IT,700.00 €
CC,Omer,Suarez,CN,omer.suarez,omer.suarez@email2.com,IT,700.00 €
CC,Katelynn,Medina,CN,katelynn.medina,katelynn.medina@email2.com,IT,700.00 €
CC,Monty,Blair,CN,monty.blair,monty.blair@email2.com,IT,700.00 €
CC,Margarito,Barlow,CN,margarito.barlow,margarito.barlow@email2.com,IT,700.00 €
CC,Asuncion,Gibson,CN,asuncion.gibson,asuncion.gibson@email2.com,IT,700.00 €
CC,Joey,Moran,CN,joey.moran,joey.moran@email2.com,IT,700.00 €
CC,Coralie,Kline,CN,coralie.kline,coralie.kline@email2.com,IT,700.00 €
CC,Darrel,Cooper,CN,darrel.cooper,darrel.cooper@email2.com,IT,700.00 €
CC,William,Ashley,CN,william.ashley,william.ashley@email2.com,IT,700.00 €
CC,Marivel,Gross,CN,marivel.gross,marivel.gross@email2.com,IT,700.00 €
CC,Jamaal,Harding,CN,jamaal.harding,jamaal.harding@email2.com,IT,700.00 €
CC,Roman,Lucas,CN,roman.lucas,roman.lucas@email2.com,IT,700.00 €
CC,Deedra,Maynard,CN,deedra.maynard,deedra.maynard@email2.com,IT,700.00 €
CC,Royce,Boyer,CN,royce.boyer,royce.boyer@email2.com,IT,700.00 €
CC,Shawana,Rosa,CN,shawana.rosa,shawana.rosa@email2.com,IT,700.00 €
CC,Hong,Willis,CN,hong.willis,hong.willis@email2.com,IT,700.00 €
CC,Eugenio,Taylor,CN,eugenio.taylor,eugenio.taylor@email2.com,IT,700.00 €
CC,Letisha,Davenport,CN,letisha.davenport,letisha.davenport@email2.com,IT,700.00 €
CC,Amina,Berg,CN,amina.berg,amina.berg@email2.com,IT,700.00 €
CC,Dion,Hubbard,CN,dion.hubbard,dion.hubbard@email2.com,IT,700.00 €
CC,Doretta,Melton,CN,doretta.melton,doretta.melton@email2.com,IT,700.00 €
CC,Donya,Horton,CN,donya.horton,donya.horton@email2.com,IT,700.00 €
CC,Bud,Morton,CN,bud.morton,bud.morton@email2.com,IT,700.00 €
CC,Johanne,O'neal,CN,johanne.o'neal,johanne.o'neal@email2.com,IT,700.00 €
CC,Kaley,Riley,CN,kaley.riley,kaley.riley@email2.com,IT,700.00 €
CC,Lyle,Lester,CN,lyle.lester,lyle.lester@email2.com,IT,700.00 €
CC,Carolyne,Marks,CN,carolyne.marks,carolyne.marks@email2.com,IT,700.00 €
CC,Temika,Watson,CN,temika.watson,temika.watson@email2.com,IT,700.00 €
CC,Dewey,Barton,CN,dewey.barton,dewey.barton@email2.com,IT,700.00 €
CC,Leon,Wood,CN,leon.wood,leon.wood@email2.com,IT,700.00 €
CC,Santiago,Livingston,CN,santiago.livingston,santiago.livingston@email2.com,IT,700.00 €
CC,Yael,Shepherd,CN,yael.shepherd,yael.shepherd@email2.com,IT,700.00 €
CC,Damion,Townsend,CN,damion.townsend,damion.townsend@email2.com,IT,700.00 €
CC,Dewey,Love,CN,dewey.love,dewey.love@email2.com,IT,700.00 €
CC,Arvilla,Solomon,CN,arvilla.solomon,arvilla.solomon@email2.com,IT,700.00 €
CC,Vanetta,Clark,CN,vanetta.clark,vanetta.clark@email2.com,IT,700.00 €
CC,Onie,Griffith,CN,onie.griffith,onie.griffith@email2.com,IT,700.00 €
CC,Ariane,Hahn,CN,ariane.hahn,ariane.hahn@email2.com,IT,700.00 €
CC,Zulema,Wall,CN,zulema.wall,zulema.wall@email2.com,IT,700.00 €
CC,Sal,Andrews,CN,sal.andrews,sal.andrews@email2.com,IT,700.00 €
CC,Ardelle,Kane,CN,ardelle.kane,ardelle.kane@email2.com,IT,700.00 €
CC,Michale,Good,CN,michale.good,michale.good@email2.com,IT,700.00 €
CC,Dion,Casey,CN,dion.casey,dion.casey@email2.com,IT,700.00 €
CC,Peter,Burch,CN,peter.burch,peter.burch@email2.com,IT,700.00 €
CC,Darnell,Shepard,CN,darnell.shepard,darnell.shepard@email2.com,IT,700.00 €
CC,Deja,Roth,CN,deja.roth,deja.roth@email2.com,IT,700.00 €
CC,Ellamae,Hess,CN,ellamae.hess,ellamae.hess@email2.com,IT,700.00 €
CC,Eliseo,Burnett,CN,eliseo.burnett,eliseo.burnett@email2.com,IT,700.00 €
CC,Tyler,Hardin,CN,tyler.hardin,tyler.hardin@email2.com,IT,700.00 €
CC,Cassaundra,Moore,CN,cassaundra.moore,cassaundra.moore@email2.com,IT,700.00 €
CC,Dewayne,Daugherty,CN,dewayne.daugherty,dewayne.daugherty@email2.com,IT,700.00 €
CC,Melvin,Atkins,CN,melvin.atkins,melvin.atkins@email2.com,IT,700.00 €
CC,Yvone,Lane,CN,yvone.lane,yvone.lane@email2.com,IT,700.00 €
CC,Alex,Bullock,CN,alex.bullock,alex.bullock@email2.com,IT,700.00 €
CC,Deandra,Pace,CN,deandra.pace,deandra.pace@email2.com,IT,700.00 €
CC,Shan,Mann,CN,shan.mann,shan.mann@email2.com,IT,700.00 €
CC,Yi,Sherman,CN,yi.sherman,yi.sherman@email2.com,IT,700.00 €
CC,Marshall,Macdonald,CN,marshall.macdonald,marshall.macdonald@email2.com,IT,700.00 €
CC,Dorian,Fox,CN,dorian.fox,dorian.fox@email2.com,IT,700.00 €
CC,Lynn,Anthony,CN,lynn.anthony,lynn.anthony@email2.com,IT,700.00 €
CC,Yulanda,Daniels,CN,yulanda.daniels,yulanda.daniels@email2.com,IT,700.00 €
CC,Sterling,Sellers,CN,sterling.sellers,sterling.sellers@email2.com,IT,700.00 €
CC,Herma,Stanley,CN,herma.stanley,herma.stanley@email2.com,IT,700.00 €
CC,Clayton,Kelly,CN,clayton.kelly,clayton.kelly@email2.com,IT,700.00 €
CC,Cira,Dixon,CN,cira.dixon,cira.dixon@email2.com,IT,700.00 €
CC,Robbi,O'connor,CN,robbi.o'connor,robbi.o'connor@email2.com,IT,700.00 €
CC,David,Farrell,CN,david.farrell,david.farrell@email2.com,IT,700.00 €
CC,Margene,Haley,CN,margene.haley,margene.haley@email2.com,IT,700.00 €
CC,Danyel,William,CN,danyel.william,danyel.william@email2.com,IT,700.00 €
CC,Jonelle,White,CN,jonelle.white,jonelle.white@email2.com,IT,700.00 €
CC,Wendie,Levy,CN,wendie.levy,wendie.levy@email2.com,IT,700.00 €
CC,Ervin,Riddle,CN,ervin.riddle,ervin.riddle@email2.com,IT,700.00 €
CC,Ty,Sheppard,CN,ty.sheppard,ty.sheppard@email2.com,IT,700.00 €
CC,Dakota,Kelly,CN,dakota.kelly,dakota.kelly@email2.com,IT,700.00 €
CC,Joslyn,Castillo,CN,joslyn.castillo,joslyn.castillo@email2.com,IT,700.00 €
CC,Carroll,Serrano,CN,carroll.serrano,carroll.serrano@email2.com,IT,700.00 €
CC,Trinh,Combs,CN,trinh.combs,trinh.combs@email2.com,IT,700.00 €
CC,Modesto,Farmer,CN,modesto.farmer,modesto.farmer@email2.com,IT,700.00 €
CC,Carlton,Moreno,CN,carlton.moreno,carlton.moreno@email2.com,IT,700.00 €
CC,Mckinley,Mcguire,CN,mckinley.mcguire,mckinley.mcguire@email2.com,IT,700.00 €
CC,Emmie,Mclean,CN,emmie.mclean,emmie.mclean@email2.com,IT,700.00 €
CC,Reuben,Gross,CN,reuben.gross,reuben.gross@email2.com,IT,700.00 €
CC,Everett,O'neill,CN,everett.o'neill,everett.o'neill@email2.com,IT,700.00 €
CC,Bernie,Burt,CN,bernie.burt,bernie.burt@email2.com,IT,700.00 €
CC,Sharolyn,Mcleod,CN,sharolyn.mcleod,sharolyn.mcleod@email2.com,IT,700.00 €
CC,Mitch,Pollard,CN,mitch.pollard,mitch.pollard@email2.com,IT,700.00 €
CC,Ellis,Dalton,CN,ellis.dalton,ellis.dalton@email2.com,IT,700.00 €
CC,Sergio,Padilla,CN,sergio.padilla,sergio.padilla@email2.com,IT,700.00 €
CC,Tambra,Lopez,CN,tambra.lopez,tambra.lopez@email2.com,IT,700.00 €
CC,Reda,Avila,CN,reda.avila,reda.avila@email2.com,IT,700.00 €
CC,Elmer,Blankenship,CN,elmer.blankenship,elmer.blankenship@email2.com,IT,700.00 €
CC,Bobby,Greer,CN,bobby.greer,bobby.greer@email2.com,IT,700.00 €
CC,Darrin,Casey,CN,darrin.casey,darrin.casey@email2.com,IT,700.00 €
CC,Carlos,Anderson,CN,carlos.anderson,carlos.anderson@email2.com,IT,700.00 €
CC,Hermina,Paul,CN,hermina.paul,hermina.paul@email2.com,IT,700.00 €
CC,Annita,Acevedo,CN,annita.acevedo,annita.acevedo@email2.com,IT,700.00 €
CC,Edgar,Trevino,CN,edgar.trevino,edgar.trevino@email2.com,IT,700.00 €
CC,Ariane,Kane,CN,ariane.kane,ariane.kane@email2.com,IT,700.00 €
CC,Juan,Wiley,CN,juan.wiley,juan.wiley@email2.com,IT,700.00 €
CC,Chadwick,Maynard,CN,chadwick.maynard,chadwick.maynard@email2.com,IT,700.00 €
CC,Shu,Snow,CN,shu.snow,shu.snow@email2.com,IT,700.00 €
CC,Sherrell,Justice,CN,sherrell.justice,sherrell.justice@email2.com,IT,700.00 €
CC,Isreal,Rivera,CN,isreal.rivera,isreal.rivera@email2.com,IT,700.00 €
CC,Brittni,Leon,CN,brittni.leon,brittni.leon@email2.com,IT,700.00 €
CC,Antione,Dunlap,CN,antione.dunlap,antione.dunlap@email2.com,IT,700.00 €
CC,Jerome,Mosley,CN,jerome.mosley,jerome.mosley@email2.com,IT,700.00 €
CC,Yelena,Battle,CN,yelena.battle,yelena.battle@email2.com,IT,700.00 €
CC,Travis,Mcclure,CN,travis.mcclure,travis.mcclure@email2.com,IT,700.00 €
CC,Bryant,Hampton,CN,bryant.hampton,bryant.hampton@email2.com,IT,700.00 €
CC,Delsie,Velasquez,CN,delsie.velasquez,delsie.velasquez@email2.com,IT,700.00 €
CC,Kenneth,Davenport,CN,kenneth.davenport,kenneth.davenport@email2.com,IT,700.00 €
CC,Luvenia,Reese,CN,luvenia.reese,luvenia.reese@email2.com,IT,700.00 €
CC,Nickolas,Fox,CN,nickolas.fox,nickolas.fox@email2.com,IT,700.00 €
CC,Phillip,Hoover,CN,phillip.hoover,phillip.hoover@email2.com,IT,700.00 €
CC,Davis,Dunlap,CN,davis.dunlap,davis.dunlap@email2.com,ECOM,700.00 €
CC,Loyd,Byers,CN,loyd.byers,loyd.byers@email2.com,ECOM,700.00 €
CC,Anneliese,Curry,CN,anneliese.curry,anneliese.curry@email2.com,ECOM,700.00 €
CC,Kenia,Hunter,CN,kenia.hunter,kenia.hunter@email2.com,ECOM,700.00 €
CC,Wen,Rowe,CN,wen.rowe,wen.rowe@email2.com,ECOM,700.00 €
CC,Willie,Baldwin,CN,willie.baldwin,willie.baldwin@email2.com,ECOM,700.00 €
CC,Huey,Fletcher,CN,huey.fletcher,huey.fletcher@email2.com,ECOM,700.00 €
CC,Donnell,Weber,CN,donnell.weber,donnell.weber@email2.com,ECOM,700.00 €
CC,Reggie,Stanton,CN,reggie.stanton,reggie.stanton@email2.com,ECOM,700.00 €
CC,Nubia,Page,CN,nubia.page,nubia.page@email2.com,ECOM,700.00 €
CC,Chong,Mcmillan,CN,chong.mcmillan,chong.mcmillan@email2.com,ECOM,700.00 €
CC,Elias,Everett,CN,elias.everett,elias.everett@email2.com,ECOM,700.00 €
CC,Santina,Simmons,CN,santina.simmons,santina.simmons@email2.com,ECOM,700.00 €
CC,Colin,Fields,CN,colin.fields,colin.fields@email2.com,ECOM,700.00 €
CC,Lazaro,Tyson,CN,lazaro.tyson,lazaro.tyson@email2.com,ECOM,700.00 €
CC,Lynsey,Valdez,CN,lynsey.valdez,lynsey.valdez@email2.com,ECOM,700.00 €
CC,Ambrose,Lyons,CN,ambrose.lyons,ambrose.lyons@email2.com,ECOM,700.00 €
CC,Elliott,Noel,CN,elliott.noel,elliott.noel@email2.com,ECOM,700.00 €
CC,Glennis,Mcneil,CN,glennis.mcneil,glennis.mcneil@email2.com,ECOM,700.00 €
CC,Josh,Stout,CN,josh.stout,josh.stout@email2.com,ECOM,700.00 €
CC,Lady,Navarro,CN,lady.navarro,lady.navarro@email2.com,ECOM,700.00 €
CC,Floyd,Wall,CN,floyd.wall,floyd.wall@email2.com,ECOM,700.00 €
CC,Yong,Bullock,CN,yong.bullock,yong.bullock@email2.com,ECOM,700.00 €
CC,Dario,Daniels,CN,dario.daniels,dario.daniels@email2.com,ECOM,700.00 €
CC,Trenton,Harper,CN,trenton.harper,trenton.harper@email2.com,ECOM,700.00 €
CC,Kathaleen,Norris,CN,kathaleen.norris,kathaleen.norris@email2.com,ECOM,700.00 €
CC,Dale,Patel,CN,dale.patel,dale.patel@email2.com,ECOM,700.00 €
CC,Felipe,Fleming,CN,felipe.fleming,felipe.fleming@email2.com,ECOM,700.00 €
CC,Leslie,Holcomb,CN,leslie.holcomb,leslie.holcomb@email2.com,ECOM,700.00 €
CC,Honey,Horne,CN,honey.horne,honey.horne@email2.com,ECOM,700.00 €
CC,Ardelia,Carver,CN,ardelia.carver,ardelia.carver@email2.com,ECOM,700.00 €
CC,Leigh,Donaldson,CN,leigh.donaldson,leigh.donaldson@email2.com,ECOM,700.00 €
CC,Sid,Delaney,CN,sid.delaney,sid.delaney@email2.com,ECOM,700.00 €
CC,Echo,Carey,CN,echo.carey,echo.carey@email2.com,ECOM,700.00 €
CC,Melaine,Carver,CN,melaine.carver,melaine.carver@email2.com,ECOM,700.00 €
CC,Michelina,Frazier,CN,michelina.frazier,michelina.frazier@email2.com,ECOM,700.00 €
CC,Sharita,Gill,CN,sharita.gill,sharita.gill@email2.com,ECOM,700.00 €
CC,Quiana,Clark,CN,quiana.clark,quiana.clark@email2.com,ECOM,700.00 €
CC,Curtis,Hendricks,CN,curtis.hendricks,curtis.hendricks@email2.com,ECOM,700.00 €
CC,Zane,Whitehead,CN,zane.whitehead,zane.whitehead@email2.com,ECOM,700.00 €
CC,Sana,Hunter,CN,sana.hunter,sana.hunter@email2.com,ECOM,700.00 €
CC,Drew,Rutledge,CN,drew.rutledge,drew.rutledge@email2.com,ECOM,700.00 €
CC,Josh,Clay,CN,josh.clay,josh.clay@email2.com,ECOM,700.00 €
CC,Chau,Miller,CN,chau.miller,chau.miller@email2.com,ECOM,700.00 €
CC,Jay,Reed,CN,jay.reed,jay.reed@email2.com,ECOM,700.00 €
CC,Jeffery,Stephenson,CN,jeffery.stephenson,jeffery.stephenson@email2.com,ECOM,700.00 €
CC,Jarod,Townsend,CN,jarod.townsend,jarod.townsend@email2.com,ECOM,700.00 €
CC,Jean,Blackwell,CN,jean.blackwell,jean.blackwell@email2.com,ECOM,700.00 €
CC,Anneliese,Horn,CN,anneliese.horn,anneliese.horn@email2.com,ECOM,700.00 €
CC,Yoko,Frederick,CN,yoko.frederick,yoko.frederick@email2.com,ECOM,700.00 €
CC,Elke,Christian,CN,elke.christian,elke.christian@email2.com,ECOM,700.00 €
CC,Lane,Francis,CN,lane.francis,lane.francis@email2.com,ECOM,700.00 €
CC,Roger,Hines,CN,roger.hines,roger.hines@email2.com,ECOM,700.00 €
CC,Jeanett,Hoover,CN,jeanett.hoover,jeanett.hoover@email2.com,ECOM,700.00 €
CC,Andre,Mcfadden,CN,andre.mcfadden,andre.mcfadden@email2.com,ECOM,700.00 €
CC,Delisa,Alford,CN,delisa.alford,delisa.alford@email2.com,ECOM,700.00 €
CC,Launa,Russo,CN,launa.russo,launa.russo@email2.com,ECOM,700.00 €
CC,Walton,Gibbs,CN,walton.gibbs,walton.gibbs@email2.com,ECOM,700.00 €
CC,Sanora,Roberts,CN,sanora.roberts,sanora.roberts@email2.com,ECOM,700.00 €
CC,Jared,Hardy,CN,jared.hardy,jared.hardy@email2.com,ECOM,700.00 €
CC,Wally,Higgins,CN,wally.higgins,wally.higgins@email2.com,ECOM,700.00 €
CC,Audrea,Collier,CN,audrea.collier,audrea.collier@email2.com,ECOM,700.00 €
CC,Robbi,Meyer,CN,robbi.meyer,robbi.meyer@email2.com,ECOM,700.00 €
CC,Jamel,Mann,CN,jamel.mann,jamel.mann@email2.com,ECOM,700.00 €
CC,Babette,Blackwell,CN,babette.blackwell,babette.blackwell@email2.com,ECOM,700.00 €
CC,Kandis,Bennett,CN,kandis.bennett,kandis.bennett@email2.com,ECOM,700.00 €
CC,Heriberto,Knowles,CN,heriberto.knowles,heriberto.knowles@email2.com,ECOM,700.00 €
CC,Min,Franks,CN,min.franks,min.franks@email2.com,ECOM,700.00 €
CC,Octavio,Bowen,CN,octavio.bowen,octavio.bowen@email2.com,ECOM,700.00 €
CC,Cyrus,Hall,CN,cyrus.hall,cyrus.hall@email2.com,ECOM,700.00 €
CC,Lera,Erickson,CN,lera.erickson,lera.erickson@email2.com,ECOM,700.00 €
CC,Garth,O'neal,CN,garth.o'neal,garth.o'neal@email2.com,ECOM,700.00 €
CC,Cecil,Salazar,CN,cecil.salazar,cecil.salazar@email2.com,ECOM,700.00 €
CC,Ria,Maxwell,CN,ria.maxwell,ria.maxwell@email2.com,ECOM,700.00 €
CC,Colton,Wilkins,CN,colton.wilkins,colton.wilkins@email2.com,ECOM,700.00 €
CC,Cristie,Riddle,CN,cristie.riddle,cristie.riddle@email2.com,ECOM,700.00 €
CC,Augustine,Trevino,CN,augustine.trevino,augustine.trevino@email2.com,ECOM,700.00 €
CC,Kerstin,Boyd,CN,kerstin.boyd,kerstin.boyd@email2.com,ECOM,700.00 €
CC,Dominique,Campbell,CN,dominique.campbell,dominique.campbell@email2.com,ECOM,700.00 €
CC,Berneice,Cherry,CN,berneice.cherry,berneice.cherry@email2.com,ECOM,700.00 €
CC,Keesha,Bray,CN,keesha.bray,keesha.bray@email2.com,ECOM,700.00 €
CC,Florrie,Marquez,CN,florrie.marquez,florrie.marquez@email2.com,ECOM,700.00 €
CC,Odell,Johnson,CN,odell.johnson,odell.johnson@email2.com,ECOM,700.00 €
CC,Leroy,Bryant,CN,leroy.bryant,leroy.bryant@email2.com,ECOM,700.00 €
CC,Otis,Buchanan,CN,otis.buchanan,otis.buchanan@email2.com,ECOM,700.00 €
CC,Porfirio,Swanson,CN,porfirio.swanson,porfirio.swanson@email2.com,ECOM,700.00 €
CC,Mitzie,Cantu,CN,mitzie.cantu,mitzie.cantu@email2.com,ECOM,700.00 €
CC,Fidela,Whitaker,CN,fidela.whitaker,fidela.whitaker@email2.com,ECOM,700.00 €
CC,Jarrett,Tyler,CN,jarrett.tyler,jarrett.tyler@email2.com,ECOM,700.00 €
CC,Terrell,Ortiz,CN,terrell.ortiz,terrell.ortiz@email2.com,ECOM,700.00 €
CC,Norbert,Molina,CN,norbert.molina,norbert.molina@email2.com,ECOM,700.00 €
CC,Lenard,Heath,CN,lenard.heath,lenard.heath@email2.com,ECOM,700.00 €
CC,Jenice,Clay,CN,jenice.clay,jenice.clay@email2.com,ECOM,700.00 €
CC,Antione,Velazquez,CN,antione.velazquez,antione.velazquez@email2.com,ECOM,700.00 €
CC,Leroy,Brady,CN,leroy.brady,leroy.brady@email2.com,ECOM,700.00 €
CC,Xuan,Whitaker,CN,xuan.whitaker,xuan.whitaker@email2.com,ECOM,700.00 €
CC,Annabell,Petty,CN,annabell.petty,annabell.petty@email2.com,ECOM,700.00 €
CC,Sabine,Morin,CN,sabine.morin,sabine.morin@email2.com,ECOM,700.00 €
CC,Grazyna,Keller,CN,grazyna.keller,grazyna.keller@email2.com,ECOM,700.00 €
CC,Billie,Sheppard,CN,billie.sheppard,billie.sheppard@email2.com,ECOM,700.00 €
CC,Merrilee,Wright,CN,merrilee.wright,merrilee.wright@email2.com,ECOM,700.00 €
CC,Sunni,Robles,CN,sunni.robles,sunni.robles@email2.com,ECOM,700.00 €
CC,Royal,Evans,CN,royal.evans,royal.evans@email2.com,ECOM,700.00 €
CC,Brad,Wells,CN,brad.wells,brad.wells@email2.com,ECOM,700.00 €
CC,Jeremiah,Cobb,CN,jeremiah.cobb,jeremiah.cobb@email2.com,ECOM,700.00 €
CC,Kit,Richard,CN,kit.richard,kit.richard@email2.com,ECOM,700.00 €
CC,Brent,Valdez,CN,brent.valdez,brent.valdez@email2.com,ECOM,700.00 €
CC,Hans,Huffman,CN,hans.huffman,hans.huffman@email2.com,ECOM,700.00 €
CC,Dion,Ferguson,CN,dion.ferguson,dion.ferguson@email2.com,INFRA,700.00 €
CC,Karoline,O'neal,CN,karoline.o'neal,karoline.o'neal@email2.com,INFRA,700.00 €
CC,Adam,Mcgowan,CN,adam.mcgowan,adam.mcgowan@email2.com,INFRA,700.00 €
CC,Elijah,Lester,CN,elijah.lester,elijah.lester@email2.com,INFRA,700.00 €
CC,Ling,Gordon,CN,ling.gordon,ling.gordon@email2.com,INFRA,700.00 €
CC,Charlie,Crosby,CN,charlie.crosby,charlie.crosby@email2.com,INFRA,700.00 €
CC,Lanelle,Livingston,CN,lanelle.livingston,lanelle.livingston@email2.com,INFRA,700.00 €
CC,Lashawna,Castaneda,CN,lashawna.castaneda,lashawna.castaneda@email2.com,INFRA,700.00 €
CC,Ligia,Wallace,CN,ligia.wallace,ligia.wallace@email2.com,INFRA,700.00 €
CC,Nicolle,Curtis,CN,nicolle.curtis,nicolle.curtis@email2.com,INFRA,700.00 €
CC,Etha,Daugherty,CN,etha.daugherty,etha.daugherty@email2.com,INFRA,700.00 €
CC,Giovanni,Allison,CN,giovanni.allison,giovanni.allison@email2.com,INFRA,700.00 €
CC,Brooks,Mcmahon,CN,brooks.mcmahon,brooks.mcmahon@email2.com,INFRA,700.00 €
CC,Derrick,Bowman,CN,derrick.bowman,derrick.bowman@email2.com,INFRA,700.00 €
CC,Lorenzo,Meyer,CN,lorenzo.meyer,lorenzo.meyer@email2.com,INFRA,700.00 €
CC,Augustus,Perez,CN,augustus.perez,augustus.perez@email2.com,INFRA,700.00 €
CC,Kirby,Casey,CN,kirby.casey,kirby.casey@email2.com,INFRA,700.00 €
CC,Raelene,Faulkner,CN,raelene.faulkner,raelene.faulkner@email2.com,INFRA,700.00 €
CC,Hien,Guerra,CN,hien.guerra,hien.guerra@email2.com,INFRA,700.00 €
CC,Dimple,Coffey,CN,dimple.coffey,dimple.coffey@email2.com,INFRA,700.00 €
CC,Jules,Massey,CN,jules.massey,jules.massey@email2.com,INFRA,700.00 €
CC,Edgar,Whitney,CN,edgar.whitney,edgar.whitney@email2.com,INFRA,700.00 €
CC,Bryon,Wheeler,CN,bryon.wheeler,bryon.wheeler@email2.com,INFRA,700.00 €
CC,Margene,Buckley,CN,margene.buckley,margene.buckley@email2.com,INFRA,700.00 €
CC,George,Avila,CN,george.avila,george.avila@email2.com,INFRA,700.00 €
CC,Gaynelle,Pollard,CN,gaynelle.pollard,gaynelle.pollard@email2.com,INFRA,700.00 €
CC,Lawerence,Tyson,CN,lawerence.tyson,lawerence.tyson@email2.com,INFRA,700.00 €
CC,Vern,Olsen,CN,vern.olsen,vern.olsen@email2.com,INFRA,700.00 €
CC,Elfreda,Clarke,CN,elfreda.clarke,elfreda.clarke@email2.com,INFRA,700.00 €
CC,Lakia,Silva,CN,lakia.silva,lakia.silva@email2.com,INFRA,700.00 €
CC,Merlin,Hewitt,CN,merlin.hewitt,merlin.hewitt@email2.com,INFRA,700.00 €
CC,Ali,Hansen,CN,ali.hansen,ali.hansen@email2.com,INFRA,700.00 €
CC,Robt,Beard,CN,robt.beard,robt.beard@email2.com,INFRA,700.00 €
CC,Gaylord,Jones,CN,gaylord.jones,gaylord.jones@email2.com,INFRA,700.00 €
CC,Tuyet,Davidson,CN,tuyet.davidson,tuyet.davidson@email2.com,INFRA,700.00 €
CC,Lala,Bruce,CN,lala.bruce,lala.bruce@email2.com,INFRA,700.00 €
CC,Chara,Burke,CN,chara.burke,chara.burke@email2.com,INFRA,700.00 €
CC,Isiah,Hansen,CN,isiah.hansen,isiah.hansen@email2.com,INFRA,700.00 €
CC,Deshawn,Clemons,CN,deshawn.clemons,deshawn.clemons@email2.com,INFRA,700.00 €
CC,Michel,Leblanc,CN,michel.leblanc,michel.leblanc@email2.com,INFRA,700.00 €
CC,Kacie,Randall,CN,kacie.randall,kacie.randall@email2.com,INFRA,700.00 €
CC,Robbie,Molina,CN,robbie.molina,robbie.molina@email2.com,INFRA,700.00 €
CC,Londa,Herring,CN,londa.herring,londa.herring@email2.com,INFRA,700.00 €
CC,Eddy,Juarez,CN,eddy.juarez,eddy.juarez@email2.com,INFRA,700.00 €
CC,Phillip,Davenport,CN,phillip.davenport,phillip.davenport@email2.com,INFRA,700.00 €
CC,Abram,Hartman,CN,abram.hartman,abram.hartman@email2.com,INFRA,700.00 €
CC,Bunny,Roach,CN,bunny.roach,bunny.roach@email2.com,INFRA,700.00 €
CC,Emilee,Erickson,CN,emilee.erickson,emilee.erickson@email2.com,INFRA,700.00 €
CC,Lino,Flynn,CN,lino.flynn,lino.flynn@email2.com,INFRA,700.00 €
CC,Tad,Morrow,CN,tad.morrow,tad.morrow@email2.com,INFRA,700.00 €
CC,Anibal,Castaneda,CN,anibal.castaneda,anibal.castaneda@email2.com,INFRA,700.00 €
CC,Lilliana,Tyson,CN,lilliana.tyson,lilliana.tyson@email2.com,INFRA,700.00 €
CC,Chris,Kennedy,CN,chris.kennedy,chris.kennedy@email2.com,INFRA,700.00 €
CC,Brain,Sloan,CN,brain.sloan,brain.sloan@email2.com,INFRA,700.00 €
CC,Tequila,Torres,CN,tequila.torres,tequila.torres@email2.com,INFRA,700.00 €
CC,Jackeline,Caldwell,CN,jackeline.caldwell,jackeline.caldwell@email2.com,INFRA,700.00 €
CC,Mel,Glenn,CN,mel.glenn,mel.glenn@email2.com,INFRA,700.00 €
CC,Jake,Blankenship,CN,jake.blankenship,jake.blankenship@email2.com,INFRA,700.00 €
CC,Beau,Goodwin,CN,beau.goodwin,beau.goodwin@email2.com,INFRA,700.00 €
CC,Marilu,Gilmore,CN,marilu.gilmore,marilu.gilmore@email2.com,INFRA,700.00 €
CC,Forest,Hebert,CN,forest.hebert,forest.hebert@email2.com,INFRA,700.00 €
CC,Isis,Giles,CN,isis.giles,isis.giles@email2.com,INFRA,700.00 €
CC,Grazyna,Melton,CN,grazyna.melton,grazyna.melton@email2.com,INFRA,700.00 €
CC,Donnell,Levy,CN,donnell.levy,donnell.levy@email2.com,INFRA,700.00 €
CC,Evelynn,Boyd,CN,evelynn.boyd,evelynn.boyd@email2.com,INFRA,700.00 €
CC,Archie,Richardson,CN,archie.richardson,archie.richardson@email2.com,INFRA,700.00 €
CC,Soila,Hall,CN,soila.hall,soila.hall@email2.com,INFRA,700.00 €
CC,Maragret,Jarvis,CN,maragret.jarvis,maragret.jarvis@email2.com,INFRA,700.00 €
CC,Waldo,Mcclain,CN,waldo.mcclain,waldo.mcclain@email2.com,INFRA,700.00 €
CC,Loreen,Anderson,CN,loreen.anderson,loreen.anderson@email2.com,INFRA,700.00 €
CC,Lenna,Hahn,CN,lenna.hahn,lenna.hahn@email2.com,INFRA,700.00 €
CC,Paul,Odom,CN,paul.odom,paul.odom@email2.com,INFRA,700.00 €
CC,Pierre,Gibbs,CN,pierre.gibbs,pierre.gibbs@email2.com,INFRA,700.00 €
CC,Anjanette,Chavez,CN,anjanette.chavez,anjanette.chavez@email2.com,INFRA,700.00 €
CC,Sol,Perkins,CN,sol.perkins,sol.perkins@email2.com,INFRA,700.00 €
CC,Myrta,Armstrong,CN,myrta.armstrong,myrta.armstrong@email2.com,INFRA,700.00 €
CC,Jame,Moran,CN,jame.moran,jame.moran@email2.com,INFRA,700.00 €
CC,Michal,Hart,CN,michal.hart,michal.hart@email2.com,INFRA,700.00 €
CC,Shala,Lester,CN,shala.lester,shala.lester@email2.com,INFRA,700.00 €
CC,Emmanuel,Singleton,CN,emmanuel.singleton,emmanuel.singleton@email2.com,INFRA,700.00 €
CC,Rudolf,Stevenson,CN,rudolf.stevenson,rudolf.stevenson@email2.com,INFRA,700.00 €
CC,Kenny,Love,CN,kenny.love,kenny.love@email2.com,INFRA,700.00 €
CC,Antony,Clay,CN,antony.clay,antony.clay@email2.com,INFRA,700.00 €
CC,Laurence,Ramsey,CN,laurence.ramsey,laurence.ramsey@email2.com,INFRA,700.00 €
CC,Beau,Knox,CN,beau.knox,beau.knox@email2.com,INFRA,700.00 €
CC,Rigoberto,Nichols,CN,rigoberto.nichols,rigoberto.nichols@email2.com,INFRA,700.00 €
CC,Patience,Wiley,CN,patience.wiley,patience.wiley@email2.com,INFRA,700.00 €
CC,Jule,Crosby,CN,jule.crosby,jule.crosby@email2.com,INFRA,700.00 €
CC,Cody,Sheppard,CN,cody.sheppard,cody.sheppard@email2.com,INFRA,700.00 €
CC,Luna,Alvarado,CN,luna.alvarado,luna.alvarado@email2.com,INFRA,700.00 €
CC,Clemente,Washington,CN,clemente.washington,clemente.washington@email2.com,INFRA,700.00 €
CC,Jospeh,Buchanan,CN,jospeh.buchanan,jospeh.buchanan@email2.com,INFRA,700.00 €
CC,Heriberto,Pierce,CN,heriberto.pierce,heriberto.pierce@email2.com,INFRA,700.00 €
CC,Sanora,Gutierrez,CN,sanora.gutierrez,sanora.gutierrez@email2.com,INFRA,700.00 €
CC,Amina,Kline,CN,amina.kline,amina.kline@email2.com,INFRA,700.00 €
CC,Lavenia,Frederick,CN,lavenia.frederick,lavenia.frederick@email2.com,INFRA,700.00 €
CC,Gertude,Schroeder,CN,gertude.schroeder,gertude.schroeder@email2.com,INFRA,700.00 €
CC,Petronila,Ellis,CN,petronila.ellis,petronila.ellis@email2.com,INFRA,700.00 €
CC,Demarcus,Bruce,CN,demarcus.bruce,demarcus.bruce@email2.com,INFRA,700.00 €
CC,Nakita,Talley,CN,nakita.talley,nakita.talley@email2.com,INFRA,700.00 €
CC,Minh,Boyle,CN,minh.boyle,minh.boyle@email2.com,INFRA,700.00 €
CC,Alfonzo,York,CN,alfonzo.york,alfonzo.york@email2.com,INFRA,700.00 €
CC,Santiago,Compton,CN,santiago.compton,santiago.compton@email2.com,INFRA,700.00 €
CC,Jacqualine,Burgess,CN,jacqualine.burgess,jacqualine.burgess@email2.com,INFRA,700.00 €
CC,Otto,Brooks,CN,otto.brooks,otto.brooks@email2.com,INFRA,700.00 €
CC,Petrina,Lang,CN,petrina.lang,petrina.lang@email2.com,INFRA,700.00 €
CC,Pearlene,Pittman,CN,pearlene.pittman,pearlene.pittman@email2.com,INFRA,700.00 €
CC,Teddy,Hewitt,CN,teddy.hewitt,teddy.hewitt@email2.com,INFRA,700.00 €
CC,Denese,Chase,CN,denese.chase,denese.chase@email2.com,INFRA,700.00 €
CC,Naoma,Turner,CN,naoma.turner,naoma.turner@email2.com,INFRA,700.00 €
CC,Marguerita,Mcclure,CN,marguerita.mcclure,marguerita.mcclure@email2.com,INFRA,700.00 €
CC,Garry,Donovan,CN,garry.donovan,garry.donovan@email2.com,INFRA,700.00 €
CC,Josef,Nunez,CN,josef.nunez,josef.nunez@email2.com,INFRA,700.00 €
CC,Jospeh,Horton,CN,jospeh.horton,jospeh.horton@email2.com,INFRA,700.00 €
CC,Sherwood,Orr,CN,sherwood.orr,sherwood.orr@email2.com,INFRA,700.00 €
CC,Jackie,Stephenson,CN,jackie.stephenson,jackie.stephenson@email2.com,INFRA,700.00 €
CC,Calista,Wheeler,CN,calista.wheeler,calista.wheeler@email2.com,INFRA,700.00 €
CC,Abe,Dyer,CN,abe.dyer,abe.dyer@email2.com,INFRA,700.00 €
CC,Mariano,Mann,CN,mariano.mann,mariano.mann@email2.com,INFRA,700.00 €
CC,Isaiah,Benson,CN,isaiah.benson,isaiah.benson@email2.com,INFRA,700.00 €
CC,Ozell,Pace,CN,ozell.pace,ozell.pace@email2.com,INFRA,700.00 €
CC,Lavette,James,CN,lavette.james,lavette.james@email2.com,INFRA,700.00 €
CC,Luana,Stevenson,CN,luana.stevenson,luana.stevenson@email2.com,INFRA,700.00 €
CC,Vertie,Dorsey,CN,vertie.dorsey,vertie.dorsey@email2.com,INFRA,700.00 €
CC,Antonietta,Flowers,CN,antonietta.flowers,antonietta.flowers@email2.com,INFRA,700.00 €
CC,Dee,Osborne,CN,dee.osborne,dee.osborne@email2.com,INFRA,700.00 €
CC,Song,Frank,CN,song.frank,song.frank@email2.com,INFRA,700.00 €
CC,Ezekiel,Campbell,CN,ezekiel.campbell,ezekiel.campbell@email2.com,INFRA,700.00 €
CC,Nelson,Thornton,CN,nelson.thornton,nelson.thornton@email2.com,INFRA,700.00 €
CC,Loree,Cannon,CN,loree.cannon,loree.cannon@email2.com,INFRA,700.00 €
CC,Na,Vazquez,CN,na.vazquez,na.vazquez@email2.com,INFRA,700.00 €
CC,Shona,Paul,CN,shona.paul,shona.paul@email2.com,INFRA,700.00 €
CC,Kraig,Hart,CN,kraig.hart,kraig.hart@email2.com,INFRA,700.00 €
CC,Virgilio,Harris,CN,virgilio.harris,virgilio.harris@email2.com,INFRA,700.00 €
CC,Louetta,Arnold,CN,louetta.arnold,louetta.arnold@email2.com,INFRA,700.00 €
CC,Jeremy,Bell,CN,jeremy.bell,jeremy.bell@email2.com,INFRA,700.00 €
CC,Rick,Mcneil,CN,rick.mcneil,rick.mcneil@email2.com,INFRA,700.00 €
CC,Jeremy,Stout,CN,jeremy.stout,jeremy.stout@email2.com,INFRA,700.00 €
CC,Laverna,Stout,CN,laverna.stout,laverna.stout@email2.com,INFRA,700.00 €
CC,Rhett,Everett,CN,rhett.everett,rhett.everett@email2.com,INFRA,700.00 €
CC,Nancee,Wheeler,CN,nancee.wheeler,nancee.wheeler@email2.com,INFRA,700.00 €
CC,Herb,Harrison,CN,herb.harrison,herb.harrison@email2.com,INFRA,700.00 €
CC,Toshiko,Garner,CN,toshiko.garner,toshiko.garner@email2.com,INFRA,700.00 €
CC,Shantelle,Brady,CN,shantelle.brady,shantelle.brady@email2.com,INFRA,700.00 €
CC,Doloris,Snider,CN,doloris.snider,doloris.snider@email2.com,INFRA,700.00 €
CC,Annamaria,Wilkerson,CN,annamaria.wilkerson,annamaria.wilkerson@email2.com,INFRA,700.00 €
CC,Ruthanne,White,CN,ruthanne.white,ruthanne.white@email2.com,INFRA,700.00 €
CC,Elmer,Flores,CN,elmer.flores,elmer.flores@email2.com,INFRA,700.00 €
CC,Edra,Mcgowan,CN,edra.mcgowan,edra.mcgowan@email2.com,INFRA,700.00 €
CC,Debroah,Houston,CN,debroah.houston,debroah.houston@email2.com,INFRA,700.00 €
CC,Rachal,Hurley,CN,rachal.hurley,rachal.hurley@email2.com,INFRA,700.00 €
CC,Scarlet,Hale,CN,scarlet.hale,scarlet.hale@email2.com,INFRA,700.00 €
CC,Donnetta,O'neal,CN,donnetta.o'neal,donnetta.o'neal@email2.com,INFRA,700.00 €
CC,Mui,Mcknight,CN,mui.mcknight,mui.mcknight@email2.com,INFRA,700.00 €
CC,Lynwood,Cote,CN,lynwood.cote,lynwood.cote@email2.com,INFRA,700.00 €
CC,Elroy,Acevedo,CN,elroy.acevedo,elroy.acevedo@email1.com,INFRA,700.00 €
CC,Shani,Sims,CN,shani.sims,shani.sims@email1.com,INFRA,700.00 €
CC,Floyd,Lucas,CN,floyd.lucas,floyd.lucas@email1.com,INFRA,700.00 €
CC,Rayford,Foley,CN,rayford.foley,rayford.foley@email1.com,INFRA,700.00 €
CC,Janae,Cote,CN,janae.cote,janae.cote@email1.com,INFRA,700.00 €
CC,Freddie,Weber,CN,freddie.weber,freddie.weber@email1.com,INFRA,700.00 €
CC,Aron,Livingston,CN,aron.livingston,aron.livingston@email1.com,INFRA,700.00 €
CC,Guadalupe,Ayers,CN,guadalupe.ayers,guadalupe.ayers@email1.com,INFRA,700.00 €
CC,Lazaro,Miles,CN,lazaro.miles,lazaro.miles@email1.com,INFRA,700.00 €
CC,Song,Strickland,CN,song.strickland,song.strickland@email1.com,INFRA,700.00 €
CC,Guillermo,Wong,CN,guillermo.wong,guillermo.wong@email1.com,INFRA,700.00 €
CC,Joane,O'connor,CN,joane.o'connor,joane.o'connor@email1.com,INFRA,700.00 €
CC,Edmond,King,CN,edmond.king,edmond.king@email1.com,INFRA,700.00 €
CC,Timothy,Sutton,CN,timothy.sutton,timothy.sutton@email1.com,INFRA,700.00 €
CC,Jani,Spencer,CN,jani.spencer,jani.spencer@email1.com,INFRA,700.00 €
CC,Chet,Skinner,CN,chet.skinner,chet.skinner@email1.com,INFRA,700.00 €
CC,Alec,Hester,CN,alec.hester,alec.hester@email1.com,INFRA,700.00 €
CC,Jae,Daniels,CN,jae.daniels,jae.daniels@email1.com,INFRA,700.00 €
CC,Clyde,Ashley,CN,clyde.ashley,clyde.ashley@email1.com,INFRA,700.00 €
CC,Lawanna,Fulton,CN,lawanna.fulton,lawanna.fulton@email1.com,INFRA,700.00 €
CC,Reginald,Craft,CN,reginald.craft,reginald.craft@email1.com,ISM,700.00 €
CC,Mitchell,Hayes,CN,mitchell.hayes,mitchell.hayes@email1.com,ISM,700.00 €
CC,Philip,Payne,CN,philip.payne,philip.payne@email1.com,ISM,700.00 €
CC,Christian,Chan,CN,christian.chan,christian.chan@email1.com,ISM,700.00 €
CC,Vernetta,Clemons,CN,vernetta.clemons,vernetta.clemons@email1.com,ISM,700.00 €
CC,Nathan,Landry,CN,nathan.landry,nathan.landry@email1.com,ISM,700.00 €
CC,Johnny,Townsend,CN,johnny.townsend,johnny.townsend@email1.com,ISM,700.00 €
CC,Madalyn,Shields,CN,madalyn.shields,madalyn.shields@email1.com,ISM,700.00 €
CC,Carmelo,Hewitt,CN,carmelo.hewitt,carmelo.hewitt@email1.com,ISM,700.00 €
CC,Van,Hobbs,CN,van.hobbs,van.hobbs@email1.com,ISM,700.00 €
CC,Roman,Rasmussen,CN,roman.rasmussen,roman.rasmussen@email1.com,ISM,700.00 €
CC,Mitsue,Allison,CN,mitsue.allison,mitsue.allison@email1.com,ISM,700.00 €
CC,Robert,Williamson,SE,Robert.Williamson,robert.williamson@email2.com,FIN,700.00 €
CC,Jack,Sparrow,UK,Jack.Sparrow,jack.sparrow@email2.com,IT,700.00 €